;Recettes;;;Dépenses;;;;;;Cadeau;;;;;;;;;;;;;;;;;;
;;;;;;;;;;;;;;;;;;;;;;;;;;;;
;Salaire Pierre;5357.67;;Loyer Elouen;669.7;x;"=IF(G3=""x"",F3,0)";;;Logement;;;;;;;;;;;;;;;;;;
;Salaire Sterenn;2011.6;;Argent de poche Elouen;;;"=IF(G4=""x"",F4,0)";;;Charges;;;;;;;;;;;;;;;;;;
;CAF;114.19;;Engie Elouen;70;x;"=IF(G5=""x"",F5,0)";;;Charges;;;;;;;;;;;;;;;;;;
;;;;Argent de poche Arthur;164.99;x;"=IF(G6=""x"",F6,0)";;;Charges;;;;;;;;;;;;;;;;;;
;;;;Prêt 25 ;995.15;x;"=IF(G7=""x"",F7,0)";;;Logement;;;;;;;;;;;;;;;;;;
;;;;Prêt 15;883.42;x;"=IF(G8=""x"",F8,0)";;;Logement;;;;;;;;;;;;;;;;;;
;Remboursement Suravenir;51.15;;Assurances prêt;11.46;x;"=IF(G9=""x"",F9,0)";;;Logement;;;;;;;;;;;;;;;;;;
;Note de frais CAP;55.3;;Assurances prêt;32.57;x;"=IF(G10=""x"",F10,0)";;;Logement;;;;;;;;;;;;;;;;;;
;Remboursement La Redoute;39.99;;Assurances prêt;79.98;x;"=IF(G11=""x"",F11,0)";;;Logement;;;;;;;;;;;;;;;;;;
;Colle Nolwenn;5;;Assurances prêt;28.49;x;"=IF(G12=""x"",F12,0)";;;Logement;;;;;;;;;;;;;;;;;;
;Remboursement mutuelle;9;;Disney;6.99;x;"=IF(G13=""x"",F13,0)";;;Internet/Téléphone;;;;;;;;;;;;;;;;;;
;Epargne;1000;;EDF Arthur;65;x;"=IF(G14=""x"",F14,0)";;;Charges;;;;;;;;;;;;;;;;;;
;CPAM;17;;EkWateur;208;x;"=IF(G15=""x"",F15,0)";;;Charges;;;;;;;;;;;;;;;;;;
;CPAM;12;;Sosh Maison;24.99;x;"=IF(G16=""x"",F16,0)";;;Internet/Téléphone;;;;;;;;;;;;;;;;;;
;Mutuelle;18;;Sosh Arthur;14.99;x;"=IF(G17=""x"",F17,0)";;;Internet/Téléphone;;;;;;;;;;;;;;;;;;
;Mutuelle;9;;Sosh Ael;14.99;;"=IF(G18=""x"",F18,0)";;;Internet/Téléphone;;;;;;;;;;;;;;;;;;
;CPAM;20.05;;Sosh Elouen;14.99;x;"=IF(G19=""x"",F19,0)";;;Internet/Téléphone;;;;;;;;;;;;;;;;;;
;;;;Sosh Sterenn;10.99;x;"=IF(G20=""x"",F20,0)";;;Internet/Téléphone;;;;;;;;;;;;;;;;;;
;;;;Mutuelle;104.98;x;"=IF(G21=""x"",F21,0)";;;Assurances/Mutuelle;;;;;;;;;;;;;;;;;;
;;;;;;;;;;;;;;;;;;;;;;;;;;;;
;;;;AxaHabitation;69.38;x;"=IF(G23=""x"",F23,0)";;;Assurances/Mutuelle;;;;;;;;;;;;;;;;;;
;;;;VW LDD;331.65;x;"=IF(G24=""x"",F24,0)";;;Voiture/Déplacement;;;;;;;;;;;;;;;;;;
;;;;Suravenir Voiture;94.53;x;"=IF(G25=""x"",F25,0)";;;Assurances/Mutuelle;;;;;;;;;;;;;;;;;;
;;;;Suravenir Garanties Vie;19;;"=IF(G26=""x"",F26,0)";;;Assurances/Mutuelle;;;;;;;;;;;;;;;;;;
;;;;Joséphine;20;x;"=IF(G27=""x"",F27,0)";;;Divers;;;;;;;;;;;;;;;;;;
;;;;Canal Plus;21.99;x;"=IF(G28=""x"",F28,0)";;;Internet/Téléphone;;;;;;;;;;;;;;;;;;
;;;;;;;"=IF(G29=""x"",F29,0)";;;Voiture/Déplacement;;;;;;;;;;;;;;;;;;
;;;;Keolis Elouen;21.4;x;"=IF(G30=""x"",F30,0)";;;Voiture/Déplacement;;;;;;;;;;;;;;;;;;
;;;;Apple;0.99;x;"=IF(G31=""x"",F31,0)";;;Internet/Téléphone;;;;;;;;;;;;;;;;;;
;;;;Apple;0.99;x;"=IF(G32=""x"",F32,0)";;;Internet/Téléphone;;;;;;;;;;;;;;;;;;
;;;;Apple;16.99;x;"=IF(G33=""x"",F33,0)";;;Internet/Téléphone;;;;;;;;;;;;;;;;;;
;;;;St Charles;278.3;x;"=IF(G34=""x"",F34,0)";;;Scolarité;;;;;;;;;;;;;;;;;;
;;;;Ménage;102;x;"=IF(G35=""x"",F35,0)";;;Logement;;;;;;;;;;;;;;;;;;
;;;;Urssaaf;129.86;x;"=IF(G36=""x"",F36,0)";;;Logement;;;;;;;;;;;;;;;;;;
;;;;Cotisation Eurocompte;19.03;x;"=IF(G37=""x"",F37,0)";;;Charges;;;;;;;;;;;;;;;;;;
;;;;Indivision;33.89;x;"=IF(G38=""x"",F38,0)";;;Charges;;;;;;;;;;;;;;;;;;
Etat mois précédent;;='Avril 2026'!D43;;;;;;;;;;;;;;;;;;;;;;;;;;
Recettes fixes;;=SUM(C2:C6);;Somme dépenses prévues;=SUM(F2:F38);Somme dépenses réelles;=SUM(H2:H38);Delta moins les exceptions;;;;;;;;;;;;;;;;;;;;
Recettes additionnelles du mois;;=SUM(C8:C35);;Reste previsionnel;=C42-F40;Delta du mois;=C39+C40+C41-H40-F42;;;;;;;;;;;;;;;;;;;;;
Total Recettes;;=SUM(C39:C41);;Somme dépenses non prévues;=SUM(J44:J246);;;;;;;;;;;;;;;;;;;;;;;
Reste prévu;=$C$42-$F$40-$F$42;Reste réel;=$C$42-$H$40-$F$42;;;;;;;;;;;;;;;;;;;;;;;;;
"=IF(AND(NOT(ISBLANK(#REF!)),ISBLANK(G44)),""Reste prévu"","""")";"=IF(AND(NOT(ISBLANK(#REF!)),ISBLANK($G44)),$C$42-$F$40-$F$42,"""")";"=IF(AND(NOT(ISBLANK(#REF!)),ISBLANK($G44)),""Reste réel"","""")";"=IF(AND(NOT(ISBLANK(#REF!)),ISBLANK($G44)),$C$42-$H$40-$F$42,"""")";;;;;;"=IF(I44=""x"",H44,0)";Loisirs;;;;;;;;;;;;;;;;;;
"=IF(AND(NOT(ISBLANK(G44)),ISBLANK(G45)),""Reste prévu"","""")";"=IF(AND(NOT(ISBLANK($G44)),ISBLANK($G45)),$C$42-$F$40-$F$42,"""")";"=IF(AND(NOT(ISBLANK($G44)),ISBLANK($G45)),""Reste réel"","""")";"=IF(AND(NOT(ISBLANK($G44)),ISBLANK($G45)),$C$42-$H$40-$F$42,"""")";;;;;;"=IF(I45=""x"",H45,0)";Divers;;;;;;;;;;;;;;;;;;
"=IF(AND(NOT(ISBLANK(G45)),ISBLANK(G46)),""Reste prévu"","""")";"=IF(AND(NOT(ISBLANK($G45)),ISBLANK($G46)),$C$42-$F$40-$F$42,"""")";"=IF(AND(NOT(ISBLANK($G45)),ISBLANK($G46)),""Reste réel"","""")";"=IF(AND(NOT(ISBLANK($G45)),ISBLANK($G46)),$C$42-$H$40-$F$42,"""")";;;FoireFouille;12.98;x;"=IF(I46=""x"",H46,0)";Divers;;;;;;;;;;;;;;;;;;
"=IF(AND(NOT(ISBLANK(G46)),ISBLANK(G47)),""Reste prévu"","""")";"=IF(AND(NOT(ISBLANK($G46)),ISBLANK($G47)),$C$42-$F$40-$F$42,"""")";"=IF(AND(NOT(ISBLANK($G46)),ISBLANK($G47)),""Reste réel"","""")";"=IF(AND(NOT(ISBLANK($G46)),ISBLANK($G47)),$C$42-$H$40-$F$42,"""")";;;Leclerc;66.4;x;"=IF(I47=""x"",H47,0)";Courses;;;;;;;;;;;;;;;;;;
"=IF(AND(NOT(ISBLANK(G47)),ISBLANK(G48)),""Reste prévu"","""")";"=IF(AND(NOT(ISBLANK($G47)),ISBLANK($G48)),$C$42-$F$40-$F$42,"""")";"=IF(AND(NOT(ISBLANK($G47)),ISBLANK($G48)),""Reste réel"","""")";"=IF(AND(NOT(ISBLANK($G47)),ISBLANK($G48)),$C$42-$H$40-$F$42,"""")";;;Leclerc;84.83;x;"=IF(I48=""x"",H48,0)";Courses;;;;;;;;;;;;;;;;;;
"=IF(AND(NOT(ISBLANK(G48)),ISBLANK(G49)),""Reste prévu"","""")";"=IF(AND(NOT(ISBLANK($G48)),ISBLANK($G49)),$C$42-$F$40-$F$42,"""")";"=IF(AND(NOT(ISBLANK($G48)),ISBLANK($G49)),""Reste réel"","""")";"=IF(AND(NOT(ISBLANK($G48)),ISBLANK($G49)),$C$42-$H$40-$F$42,"""")";;;Decathlon;21.98;x;"=IF(I49=""x"",H49,0)";Vêtements;;;;;;;;;;;;;;;;;;
"=IF(AND(NOT(ISBLANK(G49)),ISBLANK(G50)),""Reste prévu"","""")";"=IF(AND(NOT(ISBLANK($G49)),ISBLANK($G50)),$C$42-$F$40-$F$42,"""")";"=IF(AND(NOT(ISBLANK($G49)),ISBLANK($G50)),""Reste réel"","""")";"=IF(AND(NOT(ISBLANK($G49)),ISBLANK($G50)),$C$42-$H$40-$F$42,"""")";;;Decathlon Colle Hand;49.98;x;"=IF(I50=""x"",H50,0)";Divers;;;;;;;;;;;;;;;;;;
"=IF(AND(NOT(ISBLANK(G50)),ISBLANK(G51)),""Reste prévu"","""")";"=IF(AND(NOT(ISBLANK($G50)),ISBLANK($G51)),$C$42-$F$40-$F$42,"""")";"=IF(AND(NOT(ISBLANK($G50)),ISBLANK($G51)),""Reste réel"","""")";"=IF(AND(NOT(ISBLANK($G50)),ISBLANK($G51)),$C$42-$H$40-$F$42,"""")";;;Café Station;1.9;x;"=IF(I51=""x"",H51,0)";Courses;;;;;;;;;;;;;;;;;;
"=IF(AND(NOT(ISBLANK(G51)),ISBLANK(G52)),""Reste prévu"","""")";"=IF(AND(NOT(ISBLANK($G51)),ISBLANK($G52)),$C$42-$F$40-$F$42,"""")";"=IF(AND(NOT(ISBLANK($G51)),ISBLANK($G52)),""Reste réel"","""")";"=IF(AND(NOT(ISBLANK($G51)),ISBLANK($G52)),$C$42-$H$40-$F$42,"""")";;;Café Station;2.7;x;"=IF(I52=""x"",H52,0)";Courses;;;;;;;;;;;;;;;;;;
"=IF(AND(NOT(ISBLANK(G52)),ISBLANK(G53)),""Reste prévu"","""")";"=IF(AND(NOT(ISBLANK($G52)),ISBLANK($G53)),$C$42-$F$40-$F$42,"""")";"=IF(AND(NOT(ISBLANK($G52)),ISBLANK($G53)),""Reste réel"","""")";"=IF(AND(NOT(ISBLANK($G52)),ISBLANK($G53)),$C$42-$H$40-$F$42,"""")";;;Café Station;3.5;x;"=IF(I53=""x"",H53,0)";Courses;;;;;;;;;;;;;;;;;;
"=IF(AND(NOT(ISBLANK(G53)),ISBLANK(G54)),""Reste prévu"","""")";"=IF(AND(NOT(ISBLANK($G53)),ISBLANK($G54)),$C$42-$F$40-$F$42,"""")";"=IF(AND(NOT(ISBLANK($G53)),ISBLANK($G54)),""Reste réel"","""")";"=IF(AND(NOT(ISBLANK($G53)),ISBLANK($G54)),$C$42-$H$40-$F$42,"""")";;;Traversée Bac;11;x;"=IF(I54=""x"",H54,0)";Voiture/Déplacement;;;;;;;;;;;;;;;;;;
"=IF(AND(NOT(ISBLANK(G54)),ISBLANK(G55)),""Reste prévu"","""")";"=IF(AND(NOT(ISBLANK($G54)),ISBLANK($G55)),$C$42-$F$40-$F$42,"""")";"=IF(AND(NOT(ISBLANK($G54)),ISBLANK($G55)),""Reste réel"","""")";"=IF(AND(NOT(ISBLANK($G54)),ISBLANK($G55)),$C$42-$H$40-$F$42,"""")";;;Station;22.4;x;"=IF(I55=""x"",H55,0)";Courses;;;;;;;;;;;;;;;;;;
"=IF(AND(NOT(ISBLANK(G55)),ISBLANK(G56)),""Reste prévu"","""")";"=IF(AND(NOT(ISBLANK($G55)),ISBLANK($G56)),$C$42-$F$40-$F$42,"""")";"=IF(AND(NOT(ISBLANK($G55)),ISBLANK($G56)),""Reste réel"","""")";"=IF(AND(NOT(ISBLANK($G55)),ISBLANK($G56)),$C$42-$H$40-$F$42,"""")";;;Bac Royan;44;x;"=IF(I56=""x"",H56,0)";Voiture/Déplacement;;;;;;;;;;;;;;;;;;
"=IF(AND(NOT(ISBLANK(G56)),ISBLANK(G57)),""Reste prévu"","""")";"=IF(AND(NOT(ISBLANK($G56)),ISBLANK($G57)),$C$42-$F$40-$F$42,"""")";"=IF(AND(NOT(ISBLANK($G56)),ISBLANK($G57)),""Reste réel"","""")";"=IF(AND(NOT(ISBLANK($G56)),ISBLANK($G57)),$C$42-$H$40-$F$42,"""")";;;Grand Frais;15.78;x;"=IF(I57=""x"",H57,0)";Courses;;;;;;;;;;;;;;;;;;
"=IF(AND(NOT(ISBLANK(G57)),ISBLANK(G58)),""Reste prévu"","""")";"=IF(AND(NOT(ISBLANK($G57)),ISBLANK($G58)),$C$42-$F$40-$F$42,"""")";"=IF(AND(NOT(ISBLANK($G57)),ISBLANK($G58)),""Reste réel"","""")";"=IF(AND(NOT(ISBLANK($G57)),ISBLANK($G58)),$C$42-$H$40-$F$42,"""")";;;Dr Apel;30;x;"=IF(I58=""x"",H58,0)";Soins;;;;;;;;;;;;;;;;;;
"=IF(AND(NOT(ISBLANK(G58)),ISBLANK(G59)),""Reste prévu"","""")";"=IF(AND(NOT(ISBLANK($G58)),ISBLANK($G59)),$C$42-$F$40-$F$42,"""")";"=IF(AND(NOT(ISBLANK($G58)),ISBLANK($G59)),""Reste réel"","""")";"=IF(AND(NOT(ISBLANK($G58)),ISBLANK($G59)),$C$42-$H$40-$F$42,"""")";;;Pharamacie;58.9;x;"=IF(I59=""x"",H59,0)";Soins;;;;;;;;;;;;;;;;;;
"=IF(AND(NOT(ISBLANK(G59)),ISBLANK(G60)),""Reste prévu"","""")";"=IF(AND(NOT(ISBLANK($G59)),ISBLANK($G60)),$C$42-$F$40-$F$42,"""")";"=IF(AND(NOT(ISBLANK($G59)),ISBLANK($G60)),""Reste réel"","""")";"=IF(AND(NOT(ISBLANK($G59)),ISBLANK($G60)),$C$42-$H$40-$F$42,"""")";;;BAr du Bac Royan;70.5;x;"=IF(I60=""x"",H60,0)";Loisirs;;;;;;;;;;;;;;;;;;
"=IF(AND(NOT(ISBLANK(G60)),ISBLANK(G61)),""Reste prévu"","""")";"=IF(AND(NOT(ISBLANK($G60)),ISBLANK($G61)),$C$42-$F$40-$F$42,"""")";"=IF(AND(NOT(ISBLANK($G60)),ISBLANK($G61)),""Reste réel"","""")";"=IF(AND(NOT(ISBLANK($G60)),ISBLANK($G61)),$C$42-$H$40-$F$42,"""")";;;Avia;2.7;x;"=IF(I61=""x"",H61,0)";Courses;;;;;;;;;;;;;;;;;;
"=IF(AND(NOT(ISBLANK(G61)),ISBLANK(G62)),""Reste prévu"","""")";"=IF(AND(NOT(ISBLANK($G61)),ISBLANK($G62)),$C$42-$F$40-$F$42,"""")";"=IF(AND(NOT(ISBLANK($G61)),ISBLANK($G62)),""Reste réel"","""")";"=IF(AND(NOT(ISBLANK($G61)),ISBLANK($G62)),$C$42-$H$40-$F$42,"""")";;;Avia;2.7;x;"=IF(I62=""x"",H62,0)";Courses;;;;;;;;;;;;;;;;;;
"=IF(AND(NOT(ISBLANK(G62)),ISBLANK(G63)),""Reste prévu"","""")";"=IF(AND(NOT(ISBLANK($G62)),ISBLANK($G63)),$C$42-$F$40-$F$42,"""")";"=IF(AND(NOT(ISBLANK($G62)),ISBLANK($G63)),""Reste réel"","""")";"=IF(AND(NOT(ISBLANK($G62)),ISBLANK($G63)),$C$42-$H$40-$F$42,"""")";;;Avia;1.9;x;"=IF(I63=""x"",H63,0)";Courses;;;;;;;;;;;;;;;;;;
"=IF(AND(NOT(ISBLANK(G63)),ISBLANK(G64)),""Reste prévu"","""")";"=IF(AND(NOT(ISBLANK($G63)),ISBLANK($G64)),$C$42-$F$40-$F$42,"""")";"=IF(AND(NOT(ISBLANK($G63)),ISBLANK($G64)),""Reste réel"","""")";"=IF(AND(NOT(ISBLANK($G63)),ISBLANK($G64)),$C$42-$H$40-$F$42,"""")";;;Avia;20.7;x;"=IF(I64=""x"",H64,0)";Courses;;;;;;;;;;;;;;;;;;
"=IF(AND(NOT(ISBLANK(G64)),ISBLANK(G65)),""Reste prévu"","""")";"=IF(AND(NOT(ISBLANK($G64)),ISBLANK($G65)),$C$42-$F$40-$F$42,"""")";"=IF(AND(NOT(ISBLANK($G64)),ISBLANK($G65)),""Reste réel"","""")";"=IF(AND(NOT(ISBLANK($G64)),ISBLANK($G65)),$C$42-$H$40-$F$42,"""")";;;Traversée Bac;55;x;"=IF(I65=""x"",H65,0)";Voiture/Déplacement;;;;;;;;;;;;;;;;;;
"=IF(AND(NOT(ISBLANK(G65)),ISBLANK(G66)),""Reste prévu"","""")";"=IF(AND(NOT(ISBLANK($G65)),ISBLANK($G66)),$C$42-$F$40-$F$42,"""")";"=IF(AND(NOT(ISBLANK($G65)),ISBLANK($G66)),""Reste réel"","""")";"=IF(AND(NOT(ISBLANK($G65)),ISBLANK($G66)),$C$42-$H$40-$F$42,"""")";;;La Fabrique Ploufragan;9.8;x;"=IF(I66=""x"",H66,0)";Courses;;;;;;;;;;;;;;;;;;
"=IF(AND(NOT(ISBLANK(G66)),ISBLANK(G67)),""Reste prévu"","""")";"=IF(AND(NOT(ISBLANK($G66)),ISBLANK($G67)),$C$42-$F$40-$F$42,"""")";"=IF(AND(NOT(ISBLANK($G66)),ISBLANK($G67)),""Reste réel"","""")";"=IF(AND(NOT(ISBLANK($G66)),ISBLANK($G67)),$C$42-$H$40-$F$42,"""")";;;Suravenir;0.42;x;"=IF(I67=""x"",H67,0)";Assurances/Mutuelle;;;;;;;;;;;;;;;;;;
"=IF(AND(NOT(ISBLANK(G67)),ISBLANK(G68)),""Reste prévu"","""")";"=IF(AND(NOT(ISBLANK($G67)),ISBLANK($G68)),$C$42-$F$40-$F$42,"""")";"=IF(AND(NOT(ISBLANK($G67)),ISBLANK($G68)),""Reste réel"","""")";"=IF(AND(NOT(ISBLANK($G67)),ISBLANK($G68)),$C$42-$H$40-$F$42,"""")";;;Metro Rennes;3.4;x;"=IF(I68=""x"",H68,0)";Voiture/Déplacement;;;;;;;;;;;;;;;;;;
"=IF(AND(NOT(ISBLANK(G68)),ISBLANK(G69)),""Reste prévu"","""")";"=IF(AND(NOT(ISBLANK($G68)),ISBLANK($G69)),$C$42-$F$40-$F$42,"""")";"=IF(AND(NOT(ISBLANK($G68)),ISBLANK($G69)),""Reste réel"","""")";"=IF(AND(NOT(ISBLANK($G68)),ISBLANK($G69)),$C$42-$H$40-$F$42,"""")";;;Café CAPG;0.5;x;"=IF(I69=""x"",H69,0)";Courses;;;;;;;;;;;;;;;;;;
"=IF(AND(NOT(ISBLANK(G69)),ISBLANK(G70)),""Reste prévu"","""")";"=IF(AND(NOT(ISBLANK($G69)),ISBLANK($G70)),$C$42-$F$40-$F$42,"""")";"=IF(AND(NOT(ISBLANK($G69)),ISBLANK($G70)),""Reste réel"","""")";"=IF(AND(NOT(ISBLANK($G69)),ISBLANK($G70)),$C$42-$H$40-$F$42,"""")";;;Gouter Rennes;11.4;x;"=IF(I70=""x"",H70,0)";Courses;;;;;;;;;;;;;;;;;;
"=IF(AND(NOT(ISBLANK(G70)),ISBLANK(G71)),""Reste prévu"","""")";"=IF(AND(NOT(ISBLANK($G70)),ISBLANK($G71)),$C$42-$F$40-$F$42,"""")";"=IF(AND(NOT(ISBLANK($G70)),ISBLANK($G71)),""Reste réel"","""")";"=IF(AND(NOT(ISBLANK($G70)),ISBLANK($G71)),$C$42-$H$40-$F$42,"""")";;;Cigarettes;13;x;"=IF(I71=""x"",H71,0)";Divers;;;;;;;;;;;;;;;;;;
"=IF(AND(NOT(ISBLANK(G71)),ISBLANK(G72)),""Reste prévu"","""")";"=IF(AND(NOT(ISBLANK($G71)),ISBLANK($G72)),$C$42-$F$40-$F$42,"""")";"=IF(AND(NOT(ISBLANK($G71)),ISBLANK($G72)),""Reste réel"","""")";"=IF(AND(NOT(ISBLANK($G71)),ISBLANK($G72)),$C$42-$H$40-$F$42,"""")";;;Train Rennes;34;x;"=IF(I72=""x"",H72,0)";Voiture/Déplacement;;;;;;;;;;;;;;;;;;
"=IF(AND(NOT(ISBLANK(G72)),ISBLANK(G73)),""Reste prévu"","""")";"=IF(AND(NOT(ISBLANK($G72)),ISBLANK($G73)),$C$42-$F$40-$F$42,"""")";"=IF(AND(NOT(ISBLANK($G72)),ISBLANK($G73)),""Reste réel"","""")";"=IF(AND(NOT(ISBLANK($G72)),ISBLANK($G73)),$C$42-$H$40-$F$42,"""")";;;Commande Focus;77;x;"=IF(I73=""x"",H73,0)";Divers;;;;;;;;;;;;;;;;;;
"=IF(AND(NOT(ISBLANK(G73)),ISBLANK(G74)),""Reste prévu"","""")";"=IF(AND(NOT(ISBLANK($G73)),ISBLANK($G74)),$C$42-$F$40-$F$42,"""")";"=IF(AND(NOT(ISBLANK($G73)),ISBLANK($G74)),""Reste réel"","""")";"=IF(AND(NOT(ISBLANK($G73)),ISBLANK($G74)),$C$42-$H$40-$F$42,"""")";;;Coiffeur;100;x;"=IF(I74=""x"",H74,0)";Soins;;;;;;;;;;;;;;;;;;
"=IF(AND(NOT(ISBLANK(G74)),ISBLANK(G75)),""Reste prévu"","""")";"=IF(AND(NOT(ISBLANK($G74)),ISBLANK($G75)),$C$42-$F$40-$F$42,"""")";"=IF(AND(NOT(ISBLANK($G74)),ISBLANK($G75)),""Reste réel"","""")";"=IF(AND(NOT(ISBLANK($G74)),ISBLANK($G75)),$C$42-$H$40-$F$42,"""")";;;Boulangerie;6.27;x;"=IF(I75=""x"",H75,0)";Courses;;;;;;;;;;;;;;;;;;
"=IF(AND(NOT(ISBLANK(G75)),ISBLANK(G76)),""Reste prévu"","""")";"=IF(AND(NOT(ISBLANK($G75)),ISBLANK($G76)),$C$42-$F$40-$F$42,"""")";"=IF(AND(NOT(ISBLANK($G75)),ISBLANK($G76)),""Reste réel"","""")";"=IF(AND(NOT(ISBLANK($G75)),ISBLANK($G76)),$C$42-$H$40-$F$42,"""")";;;Leclerc;201.42;x;"=IF(I76=""x"",H76,0)";Courses;;;;;;;;;;;;;;;;;;
"=IF(AND(NOT(ISBLANK(G76)),ISBLANK(G77)),""Reste prévu"","""")";"=IF(AND(NOT(ISBLANK($G76)),ISBLANK($G77)),$C$42-$F$40-$F$42,"""")";"=IF(AND(NOT(ISBLANK($G76)),ISBLANK($G77)),""Reste réel"","""")";"=IF(AND(NOT(ISBLANK($G76)),ISBLANK($G77)),$C$42-$H$40-$F$42,"""")";;;FDJ;25;x;"=IF(I77=""x"",H77,0)";Divers;;;;;;;;;;;;;;;;;;
"=IF(AND(NOT(ISBLANK(G77)),ISBLANK(G78)),""Reste prévu"","""")";"=IF(AND(NOT(ISBLANK($G77)),ISBLANK($G78)),$C$42-$F$40-$F$42,"""")";"=IF(AND(NOT(ISBLANK($G77)),ISBLANK($G78)),""Reste réel"","""")";"=IF(AND(NOT(ISBLANK($G77)),ISBLANK($G78)),$C$42-$H$40-$F$42,"""")";;;Leclerc;36.81;x;"=IF(I78=""x"",H78,0)";Courses;;;;;;;;;;;;;;;;;;
"=IF(AND(NOT(ISBLANK(G78)),ISBLANK(G79)),""Reste prévu"","""")";"=IF(AND(NOT(ISBLANK($G78)),ISBLANK($G79)),$C$42-$F$40-$F$42,"""")";"=IF(AND(NOT(ISBLANK($G78)),ISBLANK($G79)),""Reste réel"","""")";"=IF(AND(NOT(ISBLANK($G78)),ISBLANK($G79)),$C$42-$H$40-$F$42,"""")";;;Parfum Ael;87.9;x;"=IF(I79=""x"",H79,0)";Cadeau;;;;;;;;;;;;;;;;;;
"=IF(AND(NOT(ISBLANK(G79)),ISBLANK(G80)),""Reste prévu"","""")";"=IF(AND(NOT(ISBLANK($G79)),ISBLANK($G80)),$C$42-$F$40-$F$42,"""")";"=IF(AND(NOT(ISBLANK($G79)),ISBLANK($G80)),""Reste réel"","""")";"=IF(AND(NOT(ISBLANK($G79)),ISBLANK($G80)),$C$42-$H$40-$F$42,"""")";;;Enceinte Ael;109.99;x;"=IF(I80=""x"",H80,0)";Cadeau;;;;;;;;;;;;;;;;;;
"=IF(AND(NOT(ISBLANK(G80)),ISBLANK(G81)),""Reste prévu"","""")";"=IF(AND(NOT(ISBLANK($G80)),ISBLANK($G81)),$C$42-$F$40-$F$42,"""")";"=IF(AND(NOT(ISBLANK($G80)),ISBLANK($G81)),""Reste réel"","""")";"=IF(AND(NOT(ISBLANK($G80)),ISBLANK($G81)),$C$42-$H$40-$F$42,"""")";;;Bureau Vallée;6.38;x;"=IF(I81=""x"",H81,0)";Divers;;;;;;;;;;;;;;;;;;
"=IF(AND(NOT(ISBLANK(G81)),ISBLANK(G82)),""Reste prévu"","""")";"=IF(AND(NOT(ISBLANK($G81)),ISBLANK($G82)),$C$42-$F$40-$F$42,"""")";"=IF(AND(NOT(ISBLANK($G81)),ISBLANK($G82)),""Reste réel"","""")";"=IF(AND(NOT(ISBLANK($G81)),ISBLANK($G82)),$C$42-$H$40-$F$42,"""")";;;Bureau Vallée;19.64;x;"=IF(I82=""x"",H82,0)";Divers;;;;;;;;;;;;;;;;;;
"=IF(AND(NOT(ISBLANK(G82)),ISBLANK(G83)),""Reste prévu"","""")";"=IF(AND(NOT(ISBLANK($G82)),ISBLANK($G83)),$C$42-$F$40-$F$42,"""")";"=IF(AND(NOT(ISBLANK($G82)),ISBLANK($G83)),""Reste réel"","""")";"=IF(AND(NOT(ISBLANK($G82)),ISBLANK($G83)),$C$42-$H$40-$F$42,"""")";;;Retrait Marché;50;x;"=IF(I83=""x"",H83,0)";Courses;;;;;;;;;;;;;;;;;;
"=IF(AND(NOT(ISBLANK(G83)),ISBLANK(G84)),""Reste prévu"","""")";"=IF(AND(NOT(ISBLANK($G83)),ISBLANK($G84)),$C$42-$F$40-$F$42,"""")";"=IF(AND(NOT(ISBLANK($G83)),ISBLANK($G84)),""Reste réel"","""")";"=IF(AND(NOT(ISBLANK($G83)),ISBLANK($G84)),$C$42-$H$40-$F$42,"""")";;;Sushi;53;x;"=IF(I84=""x"",H84,0)";Courses;;;;;;;;;;;;;;;;;;
"=IF(AND(NOT(ISBLANK(G84)),ISBLANK(G85)),""Reste prévu"","""")";"=IF(AND(NOT(ISBLANK($G84)),ISBLANK($G85)),$C$42-$F$40-$F$42,"""")";"=IF(AND(NOT(ISBLANK($G84)),ISBLANK($G85)),""Reste réel"","""")";"=IF(AND(NOT(ISBLANK($G84)),ISBLANK($G85)),$C$42-$H$40-$F$42,"""")";;;Cultura;46.39;x;"=IF(I85=""x"",H85,0)";Loisirs;;;;;;;;;;;;;;;;;;
"=IF(AND(NOT(ISBLANK(G85)),ISBLANK(G86)),""Reste prévu"","""")";"=IF(AND(NOT(ISBLANK($G85)),ISBLANK($G86)),$C$42-$F$40-$F$42,"""")";"=IF(AND(NOT(ISBLANK($G85)),ISBLANK($G86)),""Reste réel"","""")";"=IF(AND(NOT(ISBLANK($G85)),ISBLANK($G86)),$C$42-$H$40-$F$42,"""")";;;MArché;10.25;x;"=IF(I86=""x"",H86,0)";Courses;;;;;;;;;;;;;;;;;;
"=IF(AND(NOT(ISBLANK(G86)),ISBLANK(G87)),""Reste prévu"","""")";"=IF(AND(NOT(ISBLANK($G86)),ISBLANK($G87)),$C$42-$F$40-$F$42,"""")";"=IF(AND(NOT(ISBLANK($G86)),ISBLANK($G87)),""Reste réel"","""")";"=IF(AND(NOT(ISBLANK($G86)),ISBLANK($G87)),$C$42-$H$40-$F$42,"""")";;;Vaumadeuc;26.2;x;"=IF(I87=""x"",H87,0)";Courses;;;;;;;;;;;;;;;;;;
"=IF(AND(NOT(ISBLANK(G87)),ISBLANK(G88)),""Reste prévu"","""")";"=IF(AND(NOT(ISBLANK($G87)),ISBLANK($G88)),$C$42-$F$40-$F$42,"""")";"=IF(AND(NOT(ISBLANK($G87)),ISBLANK($G88)),""Reste réel"","""")";"=IF(AND(NOT(ISBLANK($G87)),ISBLANK($G88)),$C$42-$H$40-$F$42,"""")";;;Bisou Salé;39;x;"=IF(I88=""x"",H88,0)";Divers;;;;;;;;;;;;;;;;;;
"=IF(AND(NOT(ISBLANK(G88)),ISBLANK(G89)),""Reste prévu"","""")";"=IF(AND(NOT(ISBLANK($G88)),ISBLANK($G89)),$C$42-$F$40-$F$42,"""")";"=IF(AND(NOT(ISBLANK($G88)),ISBLANK($G89)),""Reste réel"","""")";"=IF(AND(NOT(ISBLANK($G88)),ISBLANK($G89)),$C$42-$H$40-$F$42,"""")";;;Train Arthur;9;x;"=IF(I89=""x"",H89,0)";Voiture/Déplacement;;;;;;;;;;;;;;;;;;
"=IF(AND(NOT(ISBLANK(G89)),ISBLANK(G90)),""Reste prévu"","""")";"=IF(AND(NOT(ISBLANK($G89)),ISBLANK($G90)),$C$42-$F$40-$F$42,"""")";"=IF(AND(NOT(ISBLANK($G89)),ISBLANK($G90)),""Reste réel"","""")";"=IF(AND(NOT(ISBLANK($G89)),ISBLANK($G90)),$C$42-$H$40-$F$42,"""")";;;Boulangerie;6;x;"=IF(I90=""x"",H90,0)";Courses;;;;;;;;;;;;;;;;;;
"=IF(AND(NOT(ISBLANK(G90)),ISBLANK(G91)),""Reste prévu"","""")";"=IF(AND(NOT(ISBLANK($G90)),ISBLANK($G91)),$C$42-$F$40-$F$42,"""")";"=IF(AND(NOT(ISBLANK($G90)),ISBLANK($G91)),""Reste réel"","""")";"=IF(AND(NOT(ISBLANK($G90)),ISBLANK($G91)),$C$42-$H$40-$F$42,"""")";;;Remboursement Ael;63.79;x;"=IF(I91=""x"",H91,0)";Divers;;;;;;;;;;;;;;;;;;
"=IF(AND(NOT(ISBLANK(G91)),ISBLANK(G92)),""Reste prévu"","""")";"=IF(AND(NOT(ISBLANK($G91)),ISBLANK($G92)),$C$42-$F$40-$F$42,"""")";"=IF(AND(NOT(ISBLANK($G91)),ISBLANK($G92)),""Reste réel"","""")";"=IF(AND(NOT(ISBLANK($G91)),ISBLANK($G92)),$C$42-$H$40-$F$42,"""")";;;Leclerc;42.45;x;"=IF(I92=""x"",H92,0)";Courses;;;;;;;;;;;;;;;;;;
"=IF(AND(NOT(ISBLANK(G92)),ISBLANK(G93)),""Reste prévu"","""")";"=IF(AND(NOT(ISBLANK($G92)),ISBLANK($G93)),$C$42-$F$40-$F$42,"""")";"=IF(AND(NOT(ISBLANK($G92)),ISBLANK($G93)),""Reste réel"","""")";"=IF(AND(NOT(ISBLANK($G92)),ISBLANK($G93)),$C$42-$H$40-$F$42,"""")";;;Boulangerie;7.3;x;"=IF(I93=""x"",H93,0)";Courses;;;;;;;;;;;;;;;;;;
"=IF(AND(NOT(ISBLANK(G93)),ISBLANK(G94)),""Reste prévu"","""")";"=IF(AND(NOT(ISBLANK($G93)),ISBLANK($G94)),$C$42-$F$40-$F$42,"""")";"=IF(AND(NOT(ISBLANK($G93)),ISBLANK($G94)),""Reste réel"","""")";"=IF(AND(NOT(ISBLANK($G93)),ISBLANK($G94)),$C$42-$H$40-$F$42,"""")";;;Leroy MErlin;29.9;x;"=IF(I94=""x"",H94,0)";Bricolage/Travaux;;;;;;;;;;;;;;;;;;
"=IF(AND(NOT(ISBLANK(G94)),ISBLANK(G95)),""Reste prévu"","""")";"=IF(AND(NOT(ISBLANK($G94)),ISBLANK($G95)),$C$42-$F$40-$F$42,"""")";"=IF(AND(NOT(ISBLANK($G94)),ISBLANK($G95)),""Reste réel"","""")";"=IF(AND(NOT(ISBLANK($G94)),ISBLANK($G95)),$C$42-$H$40-$F$42,"""")";;;Leroy MErlin;236.28;x;"=IF(I95=""x"",H95,0)";Bricolage/Travaux;;;;;;;;;;;;;;;;;;
"=IF(AND(NOT(ISBLANK(G95)),ISBLANK(G96)),""Reste prévu"","""")";"=IF(AND(NOT(ISBLANK($G95)),ISBLANK($G96)),$C$42-$F$40-$F$42,"""")";"=IF(AND(NOT(ISBLANK($G95)),ISBLANK($G96)),""Reste réel"","""")";"=IF(AND(NOT(ISBLANK($G95)),ISBLANK($G96)),$C$42-$H$40-$F$42,"""")";;;Boulangerie;11;x;"=IF(I96=""x"",H96,0)";Courses;;;;;;;;;;;;;;;;;;
"=IF(AND(NOT(ISBLANK(G96)),ISBLANK(G97)),""Reste prévu"","""")";"=IF(AND(NOT(ISBLANK($G96)),ISBLANK($G97)),$C$42-$F$40-$F$42,"""")";"=IF(AND(NOT(ISBLANK($G96)),ISBLANK($G97)),""Reste réel"","""")";"=IF(AND(NOT(ISBLANK($G96)),ISBLANK($G97)),$C$42-$H$40-$F$42,"""")";;;Dr Apel;30;x;"=IF(I97=""x"",H97,0)";Medical;;;;;;;;;;;;;;;;;;
"=IF(AND(NOT(ISBLANK(G97)),ISBLANK(G98)),""Reste prévu"","""")";"=IF(AND(NOT(ISBLANK($G97)),ISBLANK($G98)),$C$42-$F$40-$F$42,"""")";"=IF(AND(NOT(ISBLANK($G97)),ISBLANK($G98)),""Reste réel"","""")";"=IF(AND(NOT(ISBLANK($G97)),ISBLANK($G98)),$C$42-$H$40-$F$42,"""")";;;Leclerc;13.73;x;"=IF(I98=""x"",H98,0)";Courses;;;;;;;;;;;;;;;;;;
"=IF(AND(NOT(ISBLANK(G98)),ISBLANK(G99)),""Reste prévu"","""")";"=IF(AND(NOT(ISBLANK($G98)),ISBLANK($G99)),$C$42-$F$40-$F$42,"""")";"=IF(AND(NOT(ISBLANK($G98)),ISBLANK($G99)),""Reste réel"","""")";"=IF(AND(NOT(ISBLANK($G98)),ISBLANK($G99)),$C$42-$H$40-$F$42,"""")";;;Assurance Appart Arthur;93.31;x;"=IF(I99=""x"",H99,0)";Charges;;;;;;;;;;;;;;;;;;
"=IF(AND(NOT(ISBLANK(G99)),ISBLANK(G100)),""Reste prévu"","""")";"=IF(AND(NOT(ISBLANK($G99)),ISBLANK($G100)),$C$42-$F$40-$F$42,"""")";"=IF(AND(NOT(ISBLANK($G99)),ISBLANK($G100)),""Reste réel"","""")";"=IF(AND(NOT(ISBLANK($G99)),ISBLANK($G100)),$C$42-$H$40-$F$42,"""")";;;Grain de Malice;112.97;x;"=IF(I100=""x"",H100,0)";Divers;;;;;;;;;;;;;;;;;;
"=IF(AND(NOT(ISBLANK(G100)),ISBLANK(G101)),""Reste prévu"","""")";"=IF(AND(NOT(ISBLANK($G100)),ISBLANK($G101)),$C$42-$F$40-$F$42,"""")";"=IF(AND(NOT(ISBLANK($G100)),ISBLANK($G101)),""Reste réel"","""")";"=IF(AND(NOT(ISBLANK($G100)),ISBLANK($G101)),$C$42-$H$40-$F$42,"""")";;;La Ruche;29.5;x;"=IF(I101=""x"",H101,0)";Courses;;;;;;;;;;;;;;;;;;
"=IF(AND(NOT(ISBLANK(G101)),ISBLANK(G102)),""Reste prévu"","""")";"=IF(AND(NOT(ISBLANK($G101)),ISBLANK($G102)),$C$42-$F$40-$F$42,"""")";"=IF(AND(NOT(ISBLANK($G101)),ISBLANK($G102)),""Reste réel"","""")";"=IF(AND(NOT(ISBLANK($G101)),ISBLANK($G102)),$C$42-$H$40-$F$42,"""")";;;Leclerc;51.03;x;"=IF(I102=""x"",H102,0)";Courses;;;;;;;;;;;;;;;;;;
"=IF(AND(NOT(ISBLANK(G102)),ISBLANK(G103)),""Reste prévu"","""")";"=IF(AND(NOT(ISBLANK($G102)),ISBLANK($G103)),$C$42-$F$40-$F$42,"""")";"=IF(AND(NOT(ISBLANK($G102)),ISBLANK($G103)),""Reste réel"","""")";"=IF(AND(NOT(ISBLANK($G102)),ISBLANK($G103)),$C$42-$H$40-$F$42,"""")";;;Chèque;18.25;x;"=IF(I103=""x"",H103,0)";Divers;;;;;;;;;;;;;;;;;;
"=IF(AND(NOT(ISBLANK(G103)),ISBLANK(G104)),""Reste prévu"","""")";"=IF(AND(NOT(ISBLANK($G103)),ISBLANK($G104)),$C$42-$F$40-$F$42,"""")";"=IF(AND(NOT(ISBLANK($G103)),ISBLANK($G104)),""Reste réel"","""")";"=IF(AND(NOT(ISBLANK($G103)),ISBLANK($G104)),$C$42-$H$40-$F$42,"""")";;;Café;2.7;x;"=IF(I104=""x"",H104,0)";Courses;;;;;;;;;;;;;;;;;;
"=IF(AND(NOT(ISBLANK(G104)),ISBLANK(G105)),""Reste prévu"","""")";"=IF(AND(NOT(ISBLANK($G104)),ISBLANK($G105)),$C$42-$F$40-$F$42,"""")";"=IF(AND(NOT(ISBLANK($G104)),ISBLANK($G105)),""Reste réel"","""")";"=IF(AND(NOT(ISBLANK($G104)),ISBLANK($G105)),$C$42-$H$40-$F$42,"""")";;;Café;2.7;x;"=IF(I105=""x"",H105,0)";Courses;;;;;;;;;;;;;;;;;;
"=IF(AND(NOT(ISBLANK(G105)),ISBLANK(G106)),""Reste prévu"","""")";"=IF(AND(NOT(ISBLANK($G105)),ISBLANK($G106)),$C$42-$F$40-$F$42,"""")";"=IF(AND(NOT(ISBLANK($G105)),ISBLANK($G106)),""Reste réel"","""")";"=IF(AND(NOT(ISBLANK($G105)),ISBLANK($G106)),$C$42-$H$40-$F$42,"""")";;;Survet Ael;35;x;"=IF(I106=""x"",H106,0)";Vêtements;;;;;;;;;;;;;;;;;;
"=IF(AND(NOT(ISBLANK(G106)),ISBLANK(G107)),""Reste prévu"","""")";"=IF(AND(NOT(ISBLANK($G106)),ISBLANK($G107)),$C$42-$F$40-$F$42,"""")";"=IF(AND(NOT(ISBLANK($G106)),ISBLANK($G107)),""Reste réel"","""")";"=IF(AND(NOT(ISBLANK($G106)),ISBLANK($G107)),$C$42-$H$40-$F$42,"""")";;;Café;1.9;x;"=IF(I107=""x"",H107,0)";Courses;;;;;;;;;;;;;;;;;;
"=IF(AND(NOT(ISBLANK(G107)),ISBLANK(G108)),""Reste prévu"","""")";"=IF(AND(NOT(ISBLANK($G107)),ISBLANK($G108)),$C$42-$F$40-$F$42,"""")";"=IF(AND(NOT(ISBLANK($G107)),ISBLANK($G108)),""Reste réel"","""")";"=IF(AND(NOT(ISBLANK($G107)),ISBLANK($G108)),$C$42-$H$40-$F$42,"""")";;;Station;16.3;x;"=IF(I108=""x"",H108,0)";Courses;;;;;;;;;;;;;;;;;;
"=IF(AND(NOT(ISBLANK(G108)),ISBLANK(G109)),""Reste prévu"","""")";"=IF(AND(NOT(ISBLANK($G108)),ISBLANK($G109)),$C$42-$F$40-$F$42,"""")";"=IF(AND(NOT(ISBLANK($G108)),ISBLANK($G109)),""Reste réel"","""")";"=IF(AND(NOT(ISBLANK($G108)),ISBLANK($G109)),$C$42-$H$40-$F$42,"""")";;;Leclerc;65.83;x;"=IF(I109=""x"",H109,0)";Courses;;;;;;;;;;;;;;;;;;
"=IF(AND(NOT(ISBLANK(G109)),ISBLANK(G110)),""Reste prévu"","""")";"=IF(AND(NOT(ISBLANK($G109)),ISBLANK($G110)),$C$42-$F$40-$F$42,"""")";"=IF(AND(NOT(ISBLANK($G109)),ISBLANK($G110)),""Reste réel"","""")";"=IF(AND(NOT(ISBLANK($G109)),ISBLANK($G110)),$C$42-$H$40-$F$42,"""")";;;Carrefour Mérignac;89.68;x;"=IF(I110=""x"",H110,0)";Courses;;;;;;;;;;;;;;;;;;
"=IF(AND(NOT(ISBLANK(G110)),ISBLANK(G111)),""Reste prévu"","""")";"=IF(AND(NOT(ISBLANK($G110)),ISBLANK($G111)),$C$42-$F$40-$F$42,"""")";"=IF(AND(NOT(ISBLANK($G110)),ISBLANK($G111)),""Reste réel"","""")";"=IF(AND(NOT(ISBLANK($G110)),ISBLANK($G111)),$C$42-$H$40-$F$42,"""")";;;Pharmacie St Sulpice;7.98;x;"=IF(I111=""x"",H111,0)";Medical;;;;;;;;;;;;;;;;;;
"=IF(AND(NOT(ISBLANK(G111)),ISBLANK(G112)),""Reste prévu"","""")";"=IF(AND(NOT(ISBLANK($G111)),ISBLANK($G112)),$C$42-$F$40-$F$42,"""")";"=IF(AND(NOT(ISBLANK($G111)),ISBLANK($G112)),""Reste réel"","""")";"=IF(AND(NOT(ISBLANK($G111)),ISBLANK($G112)),$C$42-$H$40-$F$42,"""")";;;Cigarettes;27;x;"=IF(I112=""x"",H112,0)";Divers;;;;;;;;;;;;;;;;;;
"=IF(AND(NOT(ISBLANK(G112)),ISBLANK(G113)),""Reste prévu"","""")";"=IF(AND(NOT(ISBLANK($G112)),ISBLANK($G113)),$C$42-$F$40-$F$42,"""")";"=IF(AND(NOT(ISBLANK($G112)),ISBLANK($G113)),""Reste réel"","""")";"=IF(AND(NOT(ISBLANK($G112)),ISBLANK($G113)),$C$42-$H$40-$F$42,"""")";;;Courses Anniversaire;385.39;x;"=IF(I113=""x"",H113,0)";Courses;;;;;;;;;;;;;;;;;;
"=IF(AND(NOT(ISBLANK(G113)),ISBLANK(G114)),""Reste prévu"","""")";"=IF(AND(NOT(ISBLANK($G113)),ISBLANK($G114)),$C$42-$F$40-$F$42,"""")";"=IF(AND(NOT(ISBLANK($G113)),ISBLANK($G114)),""Reste réel"","""")";"=IF(AND(NOT(ISBLANK($G113)),ISBLANK($G114)),$C$42-$H$40-$F$42,"""")";;;FDJ;25;x;"=IF(I114=""x"",H114,0)";Divers;;;;;;;;;;;;;;;;;;
"=IF(AND(NOT(ISBLANK(G114)),ISBLANK(G115)),""Reste prévu"","""")";"=IF(AND(NOT(ISBLANK($G114)),ISBLANK($G115)),$C$42-$F$40-$F$42,"""")";"=IF(AND(NOT(ISBLANK($G114)),ISBLANK($G115)),""Reste réel"","""")";"=IF(AND(NOT(ISBLANK($G114)),ISBLANK($G115)),$C$42-$H$40-$F$42,"""")";;;Courses Anniversaire;181.13;x;"=IF(I115=""x"",H115,0)";Courses;;;;;;;;;;;;;;;;;;
"=IF(AND(NOT(ISBLANK(G115)),ISBLANK(G116)),""Reste prévu"","""")";"=IF(AND(NOT(ISBLANK($G115)),ISBLANK($G116)),$C$42-$F$40-$F$42,"""")";"=IF(AND(NOT(ISBLANK($G115)),ISBLANK($G116)),""Reste réel"","""")";"=IF(AND(NOT(ISBLANK($G115)),ISBLANK($G116)),$C$42-$H$40-$F$42,"""")";;;Courses Anniversaire;73.43;x;"=IF(I116=""x"",H116,0)";Courses;;;;;;;;;;;;;;;;;;
"=IF(AND(NOT(ISBLANK(G116)),ISBLANK(G117)),""Reste prévu"","""")";"=IF(AND(NOT(ISBLANK($G116)),ISBLANK($G117)),$C$42-$F$40-$F$42,"""")";"=IF(AND(NOT(ISBLANK($G116)),ISBLANK($G117)),""Reste réel"","""")";"=IF(AND(NOT(ISBLANK($G116)),ISBLANK($G117)),$C$42-$H$40-$F$42,"""")";;;Station;29.3;x;"=IF(I117=""x"",H117,0)";Courses;;;;;;;;;;;;;;;;;;
"=IF(AND(NOT(ISBLANK(G117)),ISBLANK(G118)),""Reste prévu"","""")";"=IF(AND(NOT(ISBLANK($G117)),ISBLANK($G118)),$C$42-$F$40-$F$42,"""")";"=IF(AND(NOT(ISBLANK($G117)),ISBLANK($G118)),""Reste réel"","""")";"=IF(AND(NOT(ISBLANK($G117)),ISBLANK($G118)),$C$42-$H$40-$F$42,"""")";;;Leclerc;17.04;x;"=IF(I118=""x"",H118,0)";Courses;;;;;;;;;;;;;;;;;;
"=IF(AND(NOT(ISBLANK(G118)),ISBLANK(G119)),""Reste prévu"","""")";"=IF(AND(NOT(ISBLANK($G118)),ISBLANK($G119)),$C$42-$F$40-$F$42,"""")";"=IF(AND(NOT(ISBLANK($G118)),ISBLANK($G119)),""Reste réel"","""")";"=IF(AND(NOT(ISBLANK($G118)),ISBLANK($G119)),$C$42-$H$40-$F$42,"""")";;;Cafran;57;x;"=IF(I119=""x"",H119,0)";Courses;;;;;;;;;;;;;;;;;;
"=IF(AND(NOT(ISBLANK(G119)),ISBLANK(G120)),""Reste prévu"","""")";"=IF(AND(NOT(ISBLANK($G119)),ISBLANK($G120)),$C$42-$F$40-$F$42,"""")";"=IF(AND(NOT(ISBLANK($G119)),ISBLANK($G120)),""Reste réel"","""")";"=IF(AND(NOT(ISBLANK($G119)),ISBLANK($G120)),$C$42-$H$40-$F$42,"""")";;;Leclerc;2.29;x;"=IF(I120=""x"",H120,0)";Courses;;;;;;;;;;;;;;;;;;
"=IF(AND(NOT(ISBLANK(G120)),ISBLANK(G121)),""Reste prévu"","""")";"=IF(AND(NOT(ISBLANK($G120)),ISBLANK($G121)),$C$42-$F$40-$F$42,"""")";"=IF(AND(NOT(ISBLANK($G120)),ISBLANK($G121)),""Reste réel"","""")";"=IF(AND(NOT(ISBLANK($G120)),ISBLANK($G121)),$C$42-$H$40-$F$42,"""")";;;Leclerc;0.52;x;"=IF(I121=""x"",H121,0)";Courses;;;;;;;;;;;;;;;;;;
"=IF(AND(NOT(ISBLANK(G121)),ISBLANK(G122)),""Reste prévu"","""")";"=IF(AND(NOT(ISBLANK($G121)),ISBLANK($G122)),$C$42-$F$40-$F$42,"""")";"=IF(AND(NOT(ISBLANK($G121)),ISBLANK($G122)),""Reste réel"","""")";"=IF(AND(NOT(ISBLANK($G121)),ISBLANK($G122)),$C$42-$H$40-$F$42,"""")";;;Radio Lamballe;31.5;x;"=IF(I122=""x"",H122,0)";Medical;;;;;;;;;;;;;;;;;;
"=IF(AND(NOT(ISBLANK(G122)),ISBLANK(G123)),""Reste prévu"","""")";"=IF(AND(NOT(ISBLANK($G122)),ISBLANK($G123)),$C$42-$F$40-$F$42,"""")";"=IF(AND(NOT(ISBLANK($G122)),ISBLANK($G123)),""Reste réel"","""")";"=IF(AND(NOT(ISBLANK($G122)),ISBLANK($G123)),$C$42-$H$40-$F$42,"""")";;;Radio Lamballe;30;x;"=IF(I123=""x"",H123,0)";Medical;;;;;;;;;;;;;;;;;;
"=IF(AND(NOT(ISBLANK(G123)),ISBLANK(G124)),""Reste prévu"","""")";"=IF(AND(NOT(ISBLANK($G123)),ISBLANK($G124)),$C$42-$F$40-$F$42,"""")";"=IF(AND(NOT(ISBLANK($G123)),ISBLANK($G124)),""Reste réel"","""")";"=IF(AND(NOT(ISBLANK($G123)),ISBLANK($G124)),$C$42-$H$40-$F$42,"""")";;;Croquettes Oska;47.01;x;"=IF(I124=""x"",H124,0)";Divers;;;;;;;;;;;;;;;;;;
"=IF(AND(NOT(ISBLANK(G124)),ISBLANK(G125)),""Reste prévu"","""")";"=IF(AND(NOT(ISBLANK($G124)),ISBLANK($G125)),$C$42-$F$40-$F$42,"""")";"=IF(AND(NOT(ISBLANK($G124)),ISBLANK($G125)),""Reste réel"","""")";"=IF(AND(NOT(ISBLANK($G124)),ISBLANK($G125)),$C$42-$H$40-$F$42,"""")";;;Leclerc;2.48;x;"=IF(I125=""x"",H125,0)";Courses;;;;;;;;;;;;;;;;;;
"=IF(AND(NOT(ISBLANK(G125)),ISBLANK(G126)),""Reste prévu"","""")";"=IF(AND(NOT(ISBLANK($G125)),ISBLANK($G126)),$C$42-$F$40-$F$42,"""")";"=IF(AND(NOT(ISBLANK($G125)),ISBLANK($G126)),""Reste réel"","""")";"=IF(AND(NOT(ISBLANK($G125)),ISBLANK($G126)),$C$42-$H$40-$F$42,"""")";;;Mr Bricolage;51.65;x;"=IF(I126=""x"",H126,0)";Bricolage/Travaux;;;;;;;;;;;;;;;;;;
"=IF(AND(NOT(ISBLANK(G126)),ISBLANK(G127)),""Reste prévu"","""")";"=IF(AND(NOT(ISBLANK($G126)),ISBLANK($G127)),$C$42-$F$40-$F$42,"""")";"=IF(AND(NOT(ISBLANK($G126)),ISBLANK($G127)),""Reste réel"","""")";"=IF(AND(NOT(ISBLANK($G126)),ISBLANK($G127)),$C$42-$H$40-$F$42,"""")";;;Mr Bricolage;7.1;x;"=IF(I127=""x"",H127,0)";Bricolage/Travaux;;;;;;;;;;;;;;;;;;
"=IF(AND(NOT(ISBLANK(G127)),ISBLANK(G128)),""Reste prévu"","""")";"=IF(AND(NOT(ISBLANK($G127)),ISBLANK($G128)),$C$42-$F$40-$F$42,"""")";"=IF(AND(NOT(ISBLANK($G127)),ISBLANK($G128)),""Reste réel"","""")";"=IF(AND(NOT(ISBLANK($G127)),ISBLANK($G128)),$C$42-$H$40-$F$42,"""")";;;Leclerc;9.8;x;"=IF(I128=""x"",H128,0)";Courses;;;;;;;;;;;;;;;;;;
"=IF(AND(NOT(ISBLANK(G128)),ISBLANK(G129)),""Reste prévu"","""")";"=IF(AND(NOT(ISBLANK($G128)),ISBLANK($G129)),$C$42-$F$40-$F$42,"""")";"=IF(AND(NOT(ISBLANK($G128)),ISBLANK($G129)),""Reste réel"","""")";"=IF(AND(NOT(ISBLANK($G128)),ISBLANK($G129)),$C$42-$H$40-$F$42,"""")";;;Buvette Longe Cote;7.5;x;"=IF(I129=""x"",H129,0)";Loisirs;;;;;;;;;;;;;;;;;;
"=IF(AND(NOT(ISBLANK(G129)),ISBLANK(G130)),""Reste prévu"","""")";"=IF(AND(NOT(ISBLANK($G129)),ISBLANK($G130)),$C$42-$F$40-$F$42,"""")";"=IF(AND(NOT(ISBLANK($G129)),ISBLANK($G130)),""Reste réel"","""")";"=IF(AND(NOT(ISBLANK($G129)),ISBLANK($G130)),$C$42-$H$40-$F$42,"""")";;;Buvette Longe Cote;3.5;x;"=IF(I130=""x"",H130,0)";Loisirs;;;;;;;;;;;;;;;;;;
"=IF(AND(NOT(ISBLANK(G130)),ISBLANK(G131)),""Reste prévu"","""")";"=IF(AND(NOT(ISBLANK($G130)),ISBLANK($G131)),$C$42-$F$40-$F$42,"""")";"=IF(AND(NOT(ISBLANK($G130)),ISBLANK($G131)),""Reste réel"","""")";"=IF(AND(NOT(ISBLANK($G130)),ISBLANK($G131)),$C$42-$H$40-$F$42,"""")";;;Buvette Longe Cote;5;x;"=IF(I131=""x"",H131,0)";Loisirs;;;;;;;;;;;;;;;;;;
"=IF(AND(NOT(ISBLANK(G131)),ISBLANK(G132)),""Reste prévu"","""")";"=IF(AND(NOT(ISBLANK($G131)),ISBLANK($G132)),$C$42-$F$40-$F$42,"""")";"=IF(AND(NOT(ISBLANK($G131)),ISBLANK($G132)),""Reste réel"","""")";"=IF(AND(NOT(ISBLANK($G131)),ISBLANK($G132)),$C$42-$H$40-$F$42,"""")";;;Cigarettes;13;x;"=IF(I132=""x"",H132,0)";Divers;;;;;;;;;;;;;;;;;;
"=IF(AND(NOT(ISBLANK(G132)),ISBLANK(G133)),""Reste prévu"","""")";"=IF(AND(NOT(ISBLANK($G132)),ISBLANK($G133)),$C$42-$F$40-$F$42,"""")";"=IF(AND(NOT(ISBLANK($G132)),ISBLANK($G133)),""Reste réel"","""")";"=IF(AND(NOT(ISBLANK($G132)),ISBLANK($G133)),$C$42-$H$40-$F$42,"""")";;;Espèces;11.5;x;"=IF(I133=""x"",H133,0)";Divers;;;;;;;;;;;;;;;;;;
"=IF(AND(NOT(ISBLANK(G133)),ISBLANK(G134)),""Reste prévu"","""")";"=IF(AND(NOT(ISBLANK($G133)),ISBLANK($G134)),$C$42-$F$40-$F$42,"""")";"=IF(AND(NOT(ISBLANK($G133)),ISBLANK($G134)),""Reste réel"","""")";"=IF(AND(NOT(ISBLANK($G133)),ISBLANK($G134)),$C$42-$H$40-$F$42,"""")";;;Bar La Rotonde;19.8;x;"=IF(I134=""x"",H134,0)";Loisirs;;;;;;;;;;;;;;;;;;
"=IF(AND(NOT(ISBLANK(G134)),ISBLANK(G135)),""Reste prévu"","""")";"=IF(AND(NOT(ISBLANK($G134)),ISBLANK($G135)),$C$42-$F$40-$F$42,"""")";"=IF(AND(NOT(ISBLANK($G134)),ISBLANK($G135)),""Reste réel"","""")";"=IF(AND(NOT(ISBLANK($G134)),ISBLANK($G135)),$C$42-$H$40-$F$42,"""")";;;Amazon;25.98;x;"=IF(I135=""x"",H135,0)";Divers;;;;;;;;;;;;;;;;;;
"=IF(AND(NOT(ISBLANK(G135)),ISBLANK(G136)),""Reste prévu"","""")";"=IF(AND(NOT(ISBLANK($G135)),ISBLANK($G136)),$C$42-$F$40-$F$42,"""")";"=IF(AND(NOT(ISBLANK($G135)),ISBLANK($G136)),""Reste réel"","""")";"=IF(AND(NOT(ISBLANK($G135)),ISBLANK($G136)),$C$42-$H$40-$F$42,"""")";;;Leclerc Drive;172.32;x;"=IF(I136=""x"",H136,0)";Courses;;;;;;;;;;;;;;;;;;
"=IF(AND(NOT(ISBLANK(G136)),ISBLANK(G137)),""Reste prévu"","""")";"=IF(AND(NOT(ISBLANK($G136)),ISBLANK($G137)),$C$42-$F$40-$F$42,"""")";"=IF(AND(NOT(ISBLANK($G136)),ISBLANK($G137)),""Reste réel"","""")";"=IF(AND(NOT(ISBLANK($G136)),ISBLANK($G137)),$C$42-$H$40-$F$42,"""")";;;PayPlug;61.84;x;"=IF(I137=""x"",H137,0)";Courses;;;;;;;;;;;;;;;;;;
"=IF(AND(NOT(ISBLANK(G137)),ISBLANK(G138)),""Reste prévu"","""")";"=IF(AND(NOT(ISBLANK($G137)),ISBLANK($G138)),$C$42-$F$40-$F$42,"""")";"=IF(AND(NOT(ISBLANK($G137)),ISBLANK($G138)),""Reste réel"","""")";"=IF(AND(NOT(ISBLANK($G137)),ISBLANK($G138)),$C$42-$H$40-$F$42,"""")";;;Leclerc;54.59;x;"=IF(I138=""x"",H138,0)";Courses;;;;;;;;;;;;;;;;;;
"=IF(AND(NOT(ISBLANK(G138)),ISBLANK(G139)),""Reste prévu"","""")";"=IF(AND(NOT(ISBLANK($G138)),ISBLANK($G139)),$C$42-$F$40-$F$42,"""")";"=IF(AND(NOT(ISBLANK($G138)),ISBLANK($G139)),""Reste réel"","""")";"=IF(AND(NOT(ISBLANK($G138)),ISBLANK($G139)),$C$42-$H$40-$F$42,"""")";;;Star Metro Rennes;3.4;x;"=IF(I139=""x"",H139,0)";Voiture/Déplacement;;;;;;;;;;;;;;;;;;
"=IF(AND(NOT(ISBLANK(G139)),ISBLANK(G140)),""Reste prévu"","""")";"=IF(AND(NOT(ISBLANK($G139)),ISBLANK($G140)),$C$42-$F$40-$F$42,"""")";"=IF(AND(NOT(ISBLANK($G139)),ISBLANK($G140)),""Reste réel"","""")";"=IF(AND(NOT(ISBLANK($G139)),ISBLANK($G140)),$C$42-$H$40-$F$42,"""")";;;Leclerc;11.95;x;"=IF(I140=""x"",H140,0)";Courses;;;;;;;;;;;;;;;;;;
"=IF(AND(NOT(ISBLANK(G140)),ISBLANK(G141)),""Reste prévu"","""")";"=IF(AND(NOT(ISBLANK($G140)),ISBLANK($G141)),$C$42-$F$40-$F$42,"""")";"=IF(AND(NOT(ISBLANK($G140)),ISBLANK($G141)),""Reste réel"","""")";"=IF(AND(NOT(ISBLANK($G140)),ISBLANK($G141)),$C$42-$H$40-$F$42,"""")";;;Repas Toulouse;25.2;x;"=IF(I141=""x"",H141,0)";Courses;;;;;;;;;;;;;;;;;;
"=IF(AND(NOT(ISBLANK(G141)),ISBLANK(G142)),""Reste prévu"","""")";"=IF(AND(NOT(ISBLANK($G141)),ISBLANK($G142)),$C$42-$F$40-$F$42,"""")";"=IF(AND(NOT(ISBLANK($G141)),ISBLANK($G142)),""Reste réel"","""")";"=IF(AND(NOT(ISBLANK($G141)),ISBLANK($G142)),$C$42-$H$40-$F$42,"""")";;;PPMC;77.9;x;"=IF(I142=""x"",H142,0)";Bricolage/Travaux;;;;;;;;;;;;;;;;;;
"=IF(AND(NOT(ISBLANK(G142)),ISBLANK(G143)),""Reste prévu"","""")";"=IF(AND(NOT(ISBLANK($G142)),ISBLANK($G143)),$C$42-$F$40-$F$42,"""")";"=IF(AND(NOT(ISBLANK($G142)),ISBLANK($G143)),""Reste réel"","""")";"=IF(AND(NOT(ISBLANK($G142)),ISBLANK($G143)),$C$42-$H$40-$F$42,"""")";;;Livre Blagnac;14.85;x;"=IF(I143=""x"",H143,0)";Loisirs;;;;;;;;;;;;;;;;;;
"=IF(AND(NOT(ISBLANK(G143)),ISBLANK(G144)),""Reste prévu"","""")";"=IF(AND(NOT(ISBLANK($G143)),ISBLANK($G144)),$C$42-$F$40-$F$42,"""")";"=IF(AND(NOT(ISBLANK($G143)),ISBLANK($G144)),""Reste réel"","""")";"=IF(AND(NOT(ISBLANK($G143)),ISBLANK($G144)),$C$42-$H$40-$F$42,"""")";;;Amazon;11.89;x;"=IF(I144=""x"",H144,0)";Internet/Téléphone;;;;;;;;;;;;;;;;;;
"=IF(AND(NOT(ISBLANK(G144)),ISBLANK(G145)),""Reste prévu"","""")";"=IF(AND(NOT(ISBLANK($G144)),ISBLANK($G145)),$C$42-$F$40-$F$42,"""")";"=IF(AND(NOT(ISBLANK($G144)),ISBLANK($G145)),""Reste réel"","""")";"=IF(AND(NOT(ISBLANK($G144)),ISBLANK($G145)),$C$42-$H$40-$F$42,"""")";;;Cafran;40.74;x;"=IF(I145=""x"",H145,0)";Divers;;;;;;;;;;;;;;;;;;
"=IF(AND(NOT(ISBLANK(G145)),ISBLANK(G146)),""Reste prévu"","""")";"=IF(AND(NOT(ISBLANK($G145)),ISBLANK($G146)),$C$42-$F$40-$F$42,"""")";"=IF(AND(NOT(ISBLANK($G145)),ISBLANK($G146)),""Reste réel"","""")";"=IF(AND(NOT(ISBLANK($G145)),ISBLANK($G146)),$C$42-$H$40-$F$42,"""")";;;Pharmacie;59.7;x;"=IF(I146=""x"",H146,0)";Medical;;;;;;;;;;;;;;;;;;
"=IF(AND(NOT(ISBLANK(G146)),ISBLANK(G147)),""Reste prévu"","""")";"=IF(AND(NOT(ISBLANK($G146)),ISBLANK($G147)),$C$42-$F$40-$F$42,"""")";"=IF(AND(NOT(ISBLANK($G146)),ISBLANK($G147)),""Reste réel"","""")";"=IF(AND(NOT(ISBLANK($G146)),ISBLANK($G147)),$C$42-$H$40-$F$42,"""")";;;Repas Toulouse;32.1;x;"=IF(I147=""x"",H147,0)";Courses;;;;;;;;;;;;;;;;;;
"=IF(AND(NOT(ISBLANK(G147)),ISBLANK(G148)),""Reste prévu"","""")";"=IF(AND(NOT(ISBLANK($G147)),ISBLANK($G148)),$C$42-$F$40-$F$42,"""")";"=IF(AND(NOT(ISBLANK($G147)),ISBLANK($G148)),""Reste réel"","""")";"=IF(AND(NOT(ISBLANK($G147)),ISBLANK($G148)),$C$42-$H$40-$F$42,"""")";;;Apero La Voile;8.5;x;"=IF(I148=""x"",H148,0)";Loisirs;;;;;;;;;;;;;;;;;;
"=IF(AND(NOT(ISBLANK(G148)),ISBLANK(G149)),""Reste prévu"","""")";"=IF(AND(NOT(ISBLANK($G148)),ISBLANK($G149)),$C$42-$F$40-$F$42,"""")";"=IF(AND(NOT(ISBLANK($G148)),ISBLANK($G149)),""Reste réel"","""")";"=IF(AND(NOT(ISBLANK($G148)),ISBLANK($G149)),$C$42-$H$40-$F$42,"""")";;;FDJ;25;x;"=IF(I149=""x"",H149,0)";Divers;;;;;;;;;;;;;;;;;;
"=IF(AND(NOT(ISBLANK(G149)),ISBLANK(G150)),""Reste prévu"","""")";"=IF(AND(NOT(ISBLANK($G149)),ISBLANK($G150)),$C$42-$F$40-$F$42,"""")";"=IF(AND(NOT(ISBLANK($G149)),ISBLANK($G150)),""Reste réel"","""")";"=IF(AND(NOT(ISBLANK($G149)),ISBLANK($G150)),$C$42-$H$40-$F$42,"""")";;;Lecler;26.32;x;"=IF(I150=""x"",H150,0)";Courses;;;;;;;;;;;;;;;;;;
"=IF(AND(NOT(ISBLANK(G150)),ISBLANK(G151)),""Reste prévu"","""")";"=IF(AND(NOT(ISBLANK($G150)),ISBLANK($G151)),$C$42-$F$40-$F$42,"""")";"=IF(AND(NOT(ISBLANK($G150)),ISBLANK($G151)),""Reste réel"","""")";"=IF(AND(NOT(ISBLANK($G150)),ISBLANK($G151)),$C$42-$H$40-$F$42,"""")";;;Remboursement Elouen;250.9;x;"=IF(I151=""x"",H151,0)";Charges;;;;;;;;;;;;;;;;;;
"=IF(AND(NOT(ISBLANK(G151)),ISBLANK(G152)),""Reste prévu"","""")";"=IF(AND(NOT(ISBLANK($G151)),ISBLANK($G152)),$C$42-$F$40-$F$42,"""")";"=IF(AND(NOT(ISBLANK($G151)),ISBLANK($G152)),""Reste réel"","""")";"=IF(AND(NOT(ISBLANK($G151)),ISBLANK($G152)),$C$42-$H$40-$F$42,"""")";;;Amazon;43.34;x;"=IF(I152=""x"",H152,0)";Internet/Téléphone;;;;;;;;;;;;;;;;;;
"=IF(AND(NOT(ISBLANK(G152)),ISBLANK(G153)),""Reste prévu"","""")";"=IF(AND(NOT(ISBLANK($G152)),ISBLANK($G153)),$C$42-$F$40-$F$42,"""")";"=IF(AND(NOT(ISBLANK($G152)),ISBLANK($G153)),""Reste réel"","""")";"=IF(AND(NOT(ISBLANK($G152)),ISBLANK($G153)),$C$42-$H$40-$F$42,"""")";;;Vinted;11.04;x;"=IF(I153=""x"",H153,0)";Vêtements;;;;;;;;;;;;;;;;;;
"=IF(AND(NOT(ISBLANK(G153)),ISBLANK(G154)),""Reste prévu"","""")";"=IF(AND(NOT(ISBLANK($G153)),ISBLANK($G154)),$C$42-$F$40-$F$42,"""")";"=IF(AND(NOT(ISBLANK($G153)),ISBLANK($G154)),""Reste réel"","""")";"=IF(AND(NOT(ISBLANK($G153)),ISBLANK($G154)),$C$42-$H$40-$F$42,"""")";;;Vinted;82.64;x;"=IF(I154=""x"",H154,0)";Vêtements;;;;;;;;;;;;;;;;;;
"=IF(AND(NOT(ISBLANK(G154)),ISBLANK(G155)),""Reste prévu"","""")";"=IF(AND(NOT(ISBLANK($G154)),ISBLANK($G155)),$C$42-$F$40-$F$42,"""")";"=IF(AND(NOT(ISBLANK($G154)),ISBLANK($G155)),""Reste réel"","""")";"=IF(AND(NOT(ISBLANK($G154)),ISBLANK($G155)),$C$42-$H$40-$F$42,"""")";;;Pharmacie;19.3;x;"=IF(I155=""x"",H155,0)";Medical;;;;;;;;;;;;;;;;;;
"=IF(AND(NOT(ISBLANK(G155)),ISBLANK(G156)),""Reste prévu"","""")";"=IF(AND(NOT(ISBLANK($G155)),ISBLANK($G156)),$C$42-$F$40-$F$42,"""")";"=IF(AND(NOT(ISBLANK($G155)),ISBLANK($G156)),""Reste réel"","""")";"=IF(AND(NOT(ISBLANK($G155)),ISBLANK($G156)),$C$42-$H$40-$F$42,"""")";;;Chocolat;25.05;x;"=IF(I156=""x"",H156,0)";Courses;;;;;;;;;;;;;;;;;;
"=IF(AND(NOT(ISBLANK(G156)),ISBLANK(G157)),""Reste prévu"","""")";"=IF(AND(NOT(ISBLANK($G156)),ISBLANK($G157)),$C$42-$F$40-$F$42,"""")";"=IF(AND(NOT(ISBLANK($G156)),ISBLANK($G157)),""Reste réel"","""")";"=IF(AND(NOT(ISBLANK($G156)),ISBLANK($G157)),$C$42-$H$40-$F$42,"""")";;;;;;"=IF(I157=""x"",H157,0)";;;;;;;;;;;;;;;;;;;
"=IF(AND(NOT(ISBLANK(G157)),ISBLANK(G158)),""Reste prévu"","""")";"=IF(AND(NOT(ISBLANK($G157)),ISBLANK($G158)),$C$42-$F$40-$F$42,"""")";"=IF(AND(NOT(ISBLANK($G157)),ISBLANK($G158)),""Reste réel"","""")";"=IF(AND(NOT(ISBLANK($G157)),ISBLANK($G158)),$C$42-$H$40-$F$42,"""")";;;;;;"=IF(I158=""x"",H158,0)";;;;;;;;;;;;;;;;;;;
"=IF(AND(NOT(ISBLANK(G158)),ISBLANK(G159)),""Reste prévu"","""")";"=IF(AND(NOT(ISBLANK($G158)),ISBLANK($G159)),$C$42-$F$40-$F$42,"""")";"=IF(AND(NOT(ISBLANK($G158)),ISBLANK($G159)),""Reste réel"","""")";"=IF(AND(NOT(ISBLANK($G158)),ISBLANK($G159)),$C$42-$H$40-$F$42,"""")";;;;;;"=IF(I159=""x"",H159,0)";;;;;;;;;;;;;;;;;;;
"=IF(AND(NOT(ISBLANK(G159)),ISBLANK(G160)),""Reste prévu"","""")";"=IF(AND(NOT(ISBLANK($G159)),ISBLANK($G160)),$C$42-$F$40-$F$42,"""")";"=IF(AND(NOT(ISBLANK($G159)),ISBLANK($G160)),""Reste réel"","""")";"=IF(AND(NOT(ISBLANK($G159)),ISBLANK($G160)),$C$42-$H$40-$F$42,"""")";;;;;;"=IF(I160=""x"",H160,0)";;;;;;;;;;;;;;;;;;;
"=IF(AND(NOT(ISBLANK(G160)),ISBLANK(G161)),""Reste prévu"","""")";"=IF(AND(NOT(ISBLANK($G160)),ISBLANK($G161)),$C$42-$F$40-$F$42,"""")";"=IF(AND(NOT(ISBLANK($G160)),ISBLANK($G161)),""Reste réel"","""")";"=IF(AND(NOT(ISBLANK($G160)),ISBLANK($G161)),$C$42-$H$40-$F$42,"""")";;;;;;"=IF(I161=""x"",H161,0)";;;;;;;;;;;;;;;;;;;
"=IF(AND(NOT(ISBLANK(G161)),ISBLANK(G162)),""Reste prévu"","""")";"=IF(AND(NOT(ISBLANK($G161)),ISBLANK($G162)),$C$42-$F$40-$F$42,"""")";"=IF(AND(NOT(ISBLANK($G161)),ISBLANK($G162)),""Reste réel"","""")";"=IF(AND(NOT(ISBLANK($G161)),ISBLANK($G162)),$C$42-$H$40-$F$42,"""")";;;;;;"=IF(I162=""x"",H162,0)";;;;;;;;;;;;;;;;;;;
"=IF(AND(NOT(ISBLANK(G162)),ISBLANK(G163)),""Reste prévu"","""")";"=IF(AND(NOT(ISBLANK($G162)),ISBLANK($G163)),$C$42-$F$40-$F$42,"""")";"=IF(AND(NOT(ISBLANK($G162)),ISBLANK($G163)),""Reste réel"","""")";"=IF(AND(NOT(ISBLANK($G162)),ISBLANK($G163)),$C$42-$H$40-$F$42,"""")";;;;;;"=IF(I163=""x"",H163,0)";;;;;;;;;;;;;;;;;;;
"=IF(AND(NOT(ISBLANK(G163)),ISBLANK(G164)),""Reste prévu"","""")";"=IF(AND(NOT(ISBLANK($G163)),ISBLANK($G164)),$C$42-$F$40-$F$42,"""")";"=IF(AND(NOT(ISBLANK($G163)),ISBLANK($G164)),""Reste réel"","""")";"=IF(AND(NOT(ISBLANK($G163)),ISBLANK($G164)),$C$42-$H$40-$F$42,"""")";;;;;;"=IF(I164=""x"",H164,0)";;;;;;;;;;;;;;;;;;;
"=IF(AND(NOT(ISBLANK(G164)),ISBLANK(G165)),""Reste prévu"","""")";"=IF(AND(NOT(ISBLANK($G164)),ISBLANK($G165)),$C$42-$F$40-$F$42,"""")";"=IF(AND(NOT(ISBLANK($G164)),ISBLANK($G165)),""Reste réel"","""")";"=IF(AND(NOT(ISBLANK($G164)),ISBLANK($G165)),$C$42-$H$40-$F$42,"""")";;;;;;"=IF(I165=""x"",H165,0)";;;;;;;;;;;;;;;;;;;
"=IF(AND(NOT(ISBLANK(G165)),ISBLANK(G166)),""Reste prévu"","""")";"=IF(AND(NOT(ISBLANK($G165)),ISBLANK($G166)),$C$42-$F$40-$F$42,"""")";"=IF(AND(NOT(ISBLANK($G165)),ISBLANK($G166)),""Reste réel"","""")";"=IF(AND(NOT(ISBLANK($G165)),ISBLANK($G166)),$C$42-$H$40-$F$42,"""")";;;;;;"=IF(I166=""x"",H166,0)";;;;;;;;;;;;;;;;;;;
"=IF(AND(NOT(ISBLANK(G166)),ISBLANK(G167)),""Reste prévu"","""")";"=IF(AND(NOT(ISBLANK($G166)),ISBLANK($G167)),$C$42-$F$40-$F$42,"""")";"=IF(AND(NOT(ISBLANK($G166)),ISBLANK($G167)),""Reste réel"","""")";"=IF(AND(NOT(ISBLANK($G166)),ISBLANK($G167)),$C$42-$H$40-$F$42,"""")";;;;;;"=IF(I167=""x"",H167,0)";;;;;;;;;;;;;;;;;;;
"=IF(AND(NOT(ISBLANK(G167)),ISBLANK(G168)),""Reste prévu"","""")";"=IF(AND(NOT(ISBLANK($G167)),ISBLANK($G168)),$C$42-$F$40-$F$42,"""")";"=IF(AND(NOT(ISBLANK($G167)),ISBLANK($G168)),""Reste réel"","""")";"=IF(AND(NOT(ISBLANK($G167)),ISBLANK($G168)),$C$42-$H$40-$F$42,"""")";;;;;;"=IF(I168=""x"",H168,0)";;;;;;;;;;;;;;;;;;;
"=IF(AND(NOT(ISBLANK(G168)),ISBLANK(G169)),""Reste prévu"","""")";"=IF(AND(NOT(ISBLANK($G168)),ISBLANK($G169)),$C$42-$F$40-$F$42,"""")";"=IF(AND(NOT(ISBLANK($G168)),ISBLANK($G169)),""Reste réel"","""")";"=IF(AND(NOT(ISBLANK($G168)),ISBLANK($G169)),$C$42-$H$40-$F$42,"""")";;;;;;"=IF(I169=""x"",H169,0)";;;;;;;;;;;;;;;;;;;
"=IF(AND(NOT(ISBLANK(G169)),ISBLANK(G170)),""Reste prévu"","""")";"=IF(AND(NOT(ISBLANK($G169)),ISBLANK($G170)),$C$42-$F$40-$F$42,"""")";"=IF(AND(NOT(ISBLANK($G169)),ISBLANK($G170)),""Reste réel"","""")";"=IF(AND(NOT(ISBLANK($G169)),ISBLANK($G170)),$C$42-$H$40-$F$42,"""")";;;;;;"=IF(I170=""x"",H170,0)";;;;;;;;;;;;;;;;;;;
"=IF(AND(NOT(ISBLANK(G170)),ISBLANK(G171)),""Reste prévu"","""")";"=IF(AND(NOT(ISBLANK($G170)),ISBLANK($G171)),$C$42-$F$40-$F$42,"""")";"=IF(AND(NOT(ISBLANK($G170)),ISBLANK($G171)),""Reste réel"","""")";"=IF(AND(NOT(ISBLANK($G170)),ISBLANK($G171)),$C$42-$H$40-$F$42,"""")";;;;;;"=IF(I171=""x"",H171,0)";;;;;;;;;;;;;;;;;;;
"=IF(AND(NOT(ISBLANK(G171)),ISBLANK(G172)),""Reste prévu"","""")";"=IF(AND(NOT(ISBLANK($G171)),ISBLANK($G172)),$C$42-$F$40-$F$42,"""")";"=IF(AND(NOT(ISBLANK($G171)),ISBLANK($G172)),""Reste réel"","""")";"=IF(AND(NOT(ISBLANK($G171)),ISBLANK($G172)),$C$42-$H$40-$F$42,"""")";;;;;;"=IF(I172=""x"",H172,0)";;;;;;;;;;;;;;;;;;;
"=IF(AND(NOT(ISBLANK(G172)),ISBLANK(G173)),""Reste prévu"","""")";"=IF(AND(NOT(ISBLANK($G172)),ISBLANK($G173)),$C$42-$F$40-$F$42,"""")";"=IF(AND(NOT(ISBLANK($G172)),ISBLANK($G173)),""Reste réel"","""")";"=IF(AND(NOT(ISBLANK($G172)),ISBLANK($G173)),$C$42-$H$40-$F$42,"""")";;;;;;"=IF(I173=""x"",H173,0)";;;;;;;;;;;;;;;;;;;
"=IF(AND(NOT(ISBLANK(G173)),ISBLANK(G174)),""Reste prévu"","""")";"=IF(AND(NOT(ISBLANK($G173)),ISBLANK($G174)),$C$42-$F$40-$F$42,"""")";"=IF(AND(NOT(ISBLANK($G173)),ISBLANK($G174)),""Reste réel"","""")";"=IF(AND(NOT(ISBLANK($G173)),ISBLANK($G174)),$C$42-$H$40-$F$42,"""")";;;;;;"=IF(I174=""x"",H174,0)";;;;;;;;;;;;;;;;;;;
"=IF(AND(NOT(ISBLANK(G174)),ISBLANK(G175)),""Reste prévu"","""")";"=IF(AND(NOT(ISBLANK($G174)),ISBLANK($G175)),$C$42-$F$40-$F$42,"""")";"=IF(AND(NOT(ISBLANK($G174)),ISBLANK($G175)),""Reste réel"","""")";"=IF(AND(NOT(ISBLANK($G174)),ISBLANK($G175)),$C$42-$H$40-$F$42,"""")";;;;;;"=IF(I175=""x"",H175,0)";;;;;;;;;;;;;;;;;;;
"=IF(AND(NOT(ISBLANK(G175)),ISBLANK(G176)),""Reste prévu"","""")";"=IF(AND(NOT(ISBLANK($G175)),ISBLANK($G176)),$C$42-$F$40-$F$42,"""")";"=IF(AND(NOT(ISBLANK($G175)),ISBLANK($G176)),""Reste réel"","""")";"=IF(AND(NOT(ISBLANK($G175)),ISBLANK($G176)),$C$42-$H$40-$F$42,"""")";;;;;;"=IF(I176=""x"",H176,0)";;;;;;;;;;;;;;;;;;;
"=IF(AND(NOT(ISBLANK(G176)),ISBLANK(G177)),""Reste prévu"","""")";"=IF(AND(NOT(ISBLANK($G176)),ISBLANK($G177)),$C$42-$F$40-$F$42,"""")";"=IF(AND(NOT(ISBLANK($G176)),ISBLANK($G177)),""Reste réel"","""")";"=IF(AND(NOT(ISBLANK($G176)),ISBLANK($G177)),$C$42-$H$40-$F$42,"""")";;;;;;"=IF(I177=""x"",H177,0)";;;;;;;;;;;;;;;;;;;
"=IF(AND(NOT(ISBLANK(G177)),ISBLANK(G178)),""Reste prévu"","""")";"=IF(AND(NOT(ISBLANK($G177)),ISBLANK($G178)),$C$42-$F$40-$F$42,"""")";"=IF(AND(NOT(ISBLANK($G177)),ISBLANK($G178)),""Reste réel"","""")";"=IF(AND(NOT(ISBLANK($G177)),ISBLANK($G178)),$C$42-$H$40-$F$42,"""")";;;;;;"=IF(I178=""x"",H178,0)";;;;;;;;;;;;;;;;;;;
"=IF(AND(NOT(ISBLANK(G178)),ISBLANK(G179)),""Reste prévu"","""")";"=IF(AND(NOT(ISBLANK($G178)),ISBLANK($G179)),$C$42-$F$40-$F$42,"""")";"=IF(AND(NOT(ISBLANK($G178)),ISBLANK($G179)),""Reste réel"","""")";"=IF(AND(NOT(ISBLANK($G178)),ISBLANK($G179)),$C$42-$H$40-$F$42,"""")";;;;;;"=IF(I179=""x"",H179,0)";;;;;;;;;;;;;;;;;;;
"=IF(AND(NOT(ISBLANK(G179)),ISBLANK(G180)),""Reste prévu"","""")";"=IF(AND(NOT(ISBLANK($G179)),ISBLANK($G180)),$C$42-$F$40-$F$42,"""")";"=IF(AND(NOT(ISBLANK($G179)),ISBLANK($G180)),""Reste réel"","""")";"=IF(AND(NOT(ISBLANK($G179)),ISBLANK($G180)),$C$42-$H$40-$F$42,"""")";;;;;;"=IF(I180=""x"",H180,0)";;;;;;;;;;;;;;;;;;;
"=IF(AND(NOT(ISBLANK(G180)),ISBLANK(G181)),""Reste prévu"","""")";"=IF(AND(NOT(ISBLANK($G180)),ISBLANK($G181)),$C$42-$F$40-$F$42,"""")";"=IF(AND(NOT(ISBLANK($G180)),ISBLANK($G181)),""Reste réel"","""")";"=IF(AND(NOT(ISBLANK($G180)),ISBLANK($G181)),$C$42-$H$40-$F$42,"""")";;;;;;"=IF(I181=""x"",H181,0)";;;;;;;;;;;;;;;;;;;
"=IF(AND(NOT(ISBLANK(G181)),ISBLANK(G182)),""Reste prévu"","""")";"=IF(AND(NOT(ISBLANK($G181)),ISBLANK($G182)),$C$42-$F$40-$F$42,"""")";"=IF(AND(NOT(ISBLANK($G181)),ISBLANK($G182)),""Reste réel"","""")";"=IF(AND(NOT(ISBLANK($G181)),ISBLANK($G182)),$C$42-$H$40-$F$42,"""")";;;;;;"=IF(I182=""x"",H182,0)";;;;;;;;;;;;;;;;;;;
"=IF(AND(NOT(ISBLANK(G182)),ISBLANK(G183)),""Reste prévu"","""")";"=IF(AND(NOT(ISBLANK($G182)),ISBLANK($G183)),$C$42-$F$40-$F$42,"""")";"=IF(AND(NOT(ISBLANK($G182)),ISBLANK($G183)),""Reste réel"","""")";"=IF(AND(NOT(ISBLANK($G182)),ISBLANK($G183)),$C$42-$H$40-$F$42,"""")";;;;;;"=IF(I183=""x"",H183,0)";;;;;;;;;;;;;;;;;;;
"=IF(AND(NOT(ISBLANK(G183)),ISBLANK(G184)),""Reste prévu"","""")";"=IF(AND(NOT(ISBLANK($G183)),ISBLANK($G184)),$C$42-$F$40-$F$42,"""")";"=IF(AND(NOT(ISBLANK($G183)),ISBLANK($G184)),""Reste réel"","""")";"=IF(AND(NOT(ISBLANK($G183)),ISBLANK($G184)),$C$42-$H$40-$F$42,"""")";;;;;;"=IF(I184=""x"",H184,0)";;;;;;;;;;;;;;;;;;;
"=IF(AND(NOT(ISBLANK(G184)),ISBLANK(G185)),""Reste prévu"","""")";"=IF(AND(NOT(ISBLANK($G184)),ISBLANK($G185)),$C$42-$F$40-$F$42,"""")";"=IF(AND(NOT(ISBLANK($G184)),ISBLANK($G185)),""Reste réel"","""")";"=IF(AND(NOT(ISBLANK($G184)),ISBLANK($G185)),$C$42-$H$40-$F$42,"""")";;;;;;"=IF(I185=""x"",H185,0)";;;;;;;;;;;;;;;;;;;
"=IF(AND(NOT(ISBLANK(G185)),ISBLANK(G186)),""Reste prévu"","""")";"=IF(AND(NOT(ISBLANK($G185)),ISBLANK($G186)),$C$42-$F$40-$F$42,"""")";"=IF(AND(NOT(ISBLANK($G185)),ISBLANK($G186)),""Reste réel"","""")";"=IF(AND(NOT(ISBLANK($G185)),ISBLANK($G186)),$C$42-$H$40-$F$42,"""")";;;;;;"=IF(I186=""x"",H186,0)";;;;;;;;;;;;;;;;;;;
"=IF(AND(NOT(ISBLANK(G186)),ISBLANK(G187)),""Reste prévu"","""")";"=IF(AND(NOT(ISBLANK($G186)),ISBLANK($G187)),$C$42-$F$40-$F$42,"""")";"=IF(AND(NOT(ISBLANK($G186)),ISBLANK($G187)),""Reste réel"","""")";"=IF(AND(NOT(ISBLANK($G186)),ISBLANK($G187)),$C$42-$H$40-$F$42,"""")";;;;;;"=IF(I187=""x"",H187,0)";;;;;;;;;;;;;;;;;;;
"=IF(AND(NOT(ISBLANK(G187)),ISBLANK(G188)),""Reste prévu"","""")";"=IF(AND(NOT(ISBLANK($G187)),ISBLANK($G188)),$C$42-$F$40-$F$42,"""")";"=IF(AND(NOT(ISBLANK($G187)),ISBLANK($G188)),""Reste réel"","""")";"=IF(AND(NOT(ISBLANK($G187)),ISBLANK($G188)),$C$42-$H$40-$F$42,"""")";;;;;;"=IF(I188=""x"",H188,0)";;;;;;;;;;;;;;;;;;;
"=IF(AND(NOT(ISBLANK(G188)),ISBLANK(G189)),""Reste prévu"","""")";"=IF(AND(NOT(ISBLANK($G188)),ISBLANK($G189)),$C$42-$F$40-$F$42,"""")";"=IF(AND(NOT(ISBLANK($G188)),ISBLANK($G189)),""Reste réel"","""")";"=IF(AND(NOT(ISBLANK($G188)),ISBLANK($G189)),$C$42-$H$40-$F$42,"""")";;;;;;"=IF(I189=""x"",H189,0)";;;;;;;;;;;;;;;;;;;
"=IF(AND(NOT(ISBLANK(G189)),ISBLANK(G190)),""Reste prévu"","""")";"=IF(AND(NOT(ISBLANK($G189)),ISBLANK($G190)),$C$42-$F$40-$F$42,"""")";"=IF(AND(NOT(ISBLANK($G189)),ISBLANK($G190)),""Reste réel"","""")";"=IF(AND(NOT(ISBLANK($G189)),ISBLANK($G190)),$C$42-$H$40-$F$42,"""")";;;;;;"=IF(I190=""x"",H190,0)";;;;;;;;;;;;;;;;;;;
"=IF(AND(NOT(ISBLANK(G190)),ISBLANK(G191)),""Reste prévu"","""")";"=IF(AND(NOT(ISBLANK($G190)),ISBLANK($G191)),$C$42-$F$40-$F$42,"""")";"=IF(AND(NOT(ISBLANK($G190)),ISBLANK($G191)),""Reste réel"","""")";"=IF(AND(NOT(ISBLANK($G190)),ISBLANK($G191)),$C$42-$H$40-$F$42,"""")";;;;;;"=IF(I191=""x"",H191,0)";;;;;;;;;;;;;;;;;;;
"=IF(AND(NOT(ISBLANK(G191)),ISBLANK(G192)),""Reste prévu"","""")";"=IF(AND(NOT(ISBLANK($G191)),ISBLANK($G192)),$C$42-$F$40-$F$42,"""")";"=IF(AND(NOT(ISBLANK($G191)),ISBLANK($G192)),""Reste réel"","""")";"=IF(AND(NOT(ISBLANK($G191)),ISBLANK($G192)),$C$42-$H$40-$F$42,"""")";;;;;;"=IF(I192=""x"",H192,0)";;;;;;;;;;;;;;;;;;;
"=IF(AND(NOT(ISBLANK(G192)),ISBLANK(G193)),""Reste prévu"","""")";"=IF(AND(NOT(ISBLANK($G192)),ISBLANK($G193)),$C$42-$F$40-$F$42,"""")";"=IF(AND(NOT(ISBLANK($G192)),ISBLANK($G193)),""Reste réel"","""")";"=IF(AND(NOT(ISBLANK($G192)),ISBLANK($G193)),$C$42-$H$40-$F$42,"""")";;;;;;"=IF(I193=""x"",H193,0)";;;;;;;;;;;;;;;;;;;
"=IF(AND(NOT(ISBLANK(G193)),ISBLANK(G194)),""Reste prévu"","""")";"=IF(AND(NOT(ISBLANK($G193)),ISBLANK($G194)),$C$42-$F$40-$F$42,"""")";"=IF(AND(NOT(ISBLANK($G193)),ISBLANK($G194)),""Reste réel"","""")";"=IF(AND(NOT(ISBLANK($G193)),ISBLANK($G194)),$C$42-$H$40-$F$42,"""")";;;;;;"=IF(I194=""x"",H194,0)";;;;;;;;;;;;;;;;;;;
"=IF(AND(NOT(ISBLANK(G194)),ISBLANK(G195)),""Reste prévu"","""")";"=IF(AND(NOT(ISBLANK($G194)),ISBLANK($G195)),$C$42-$F$40-$F$42,"""")";"=IF(AND(NOT(ISBLANK($G194)),ISBLANK($G195)),""Reste réel"","""")";"=IF(AND(NOT(ISBLANK($G194)),ISBLANK($G195)),$C$42-$H$40-$F$42,"""")";;;;;;"=IF(I195=""x"",H195,0)";;;;;;;;;;;;;;;;;;;
"=IF(AND(NOT(ISBLANK(G195)),ISBLANK(G196)),""Reste prévu"","""")";"=IF(AND(NOT(ISBLANK($G195)),ISBLANK($G196)),$C$42-$F$40-$F$42,"""")";"=IF(AND(NOT(ISBLANK($G195)),ISBLANK($G196)),""Reste réel"","""")";"=IF(AND(NOT(ISBLANK($G195)),ISBLANK($G196)),$C$42-$H$40-$F$42,"""")";;;;;;"=IF(I196=""x"",H196,0)";;;;;;;;;;;;;;;;;;;
"=IF(AND(NOT(ISBLANK(G196)),ISBLANK(G197)),""Reste prévu"","""")";"=IF(AND(NOT(ISBLANK($G196)),ISBLANK($G197)),$C$42-$F$40-$F$42,"""")";"=IF(AND(NOT(ISBLANK($G196)),ISBLANK($G197)),""Reste réel"","""")";"=IF(AND(NOT(ISBLANK($G196)),ISBLANK($G197)),$C$42-$H$40-$F$42,"""")";;;;;;"=IF(I197=""x"",H197,0)";;;;;;;;;;;;;;;;;;;
"=IF(AND(NOT(ISBLANK(G197)),ISBLANK(G198)),""Reste prévu"","""")";"=IF(AND(NOT(ISBLANK($G197)),ISBLANK($G198)),$C$42-$F$40-$F$42,"""")";"=IF(AND(NOT(ISBLANK($G197)),ISBLANK($G198)),""Reste réel"","""")";"=IF(AND(NOT(ISBLANK($G197)),ISBLANK($G198)),$C$42-$H$40-$F$42,"""")";;;;;;"=IF(I198=""x"",H198,0)";;;;;;;;;;;;;;;;;;;
"=IF(AND(NOT(ISBLANK(G198)),ISBLANK(G199)),""Reste prévu"","""")";"=IF(AND(NOT(ISBLANK($G198)),ISBLANK($G199)),$C$42-$F$40-$F$42,"""")";"=IF(AND(NOT(ISBLANK($G198)),ISBLANK($G199)),""Reste réel"","""")";"=IF(AND(NOT(ISBLANK($G198)),ISBLANK($G199)),$C$42-$H$40-$F$42,"""")";;;;;;"=IF(I199=""x"",H199,0)";;;;;;;;;;;;;;;;;;;
"=IF(AND(NOT(ISBLANK(G199)),ISBLANK(G200)),""Reste prévu"","""")";"=IF(AND(NOT(ISBLANK($G199)),ISBLANK($G200)),$C$42-$F$40-$F$42,"""")";"=IF(AND(NOT(ISBLANK($G199)),ISBLANK($G200)),""Reste réel"","""")";"=IF(AND(NOT(ISBLANK($G199)),ISBLANK($G200)),$C$42-$H$40-$F$42,"""")";;;;;;"=IF(I200=""x"",H200,0)";;;;;;;;;;;;;;;;;;;
"=IF(AND(NOT(ISBLANK(G200)),ISBLANK(G201)),""Reste prévu"","""")";"=IF(AND(NOT(ISBLANK($G200)),ISBLANK($G201)),$C$42-$F$40-$F$42,"""")";"=IF(AND(NOT(ISBLANK($G200)),ISBLANK($G201)),""Reste réel"","""")";"=IF(AND(NOT(ISBLANK($G200)),ISBLANK($G201)),$C$42-$H$40-$F$42,"""")";;;;;;"=IF(I201=""x"",H201,0)";;;;;;;;;;;;;;;;;;;
"=IF(AND(NOT(ISBLANK(G201)),ISBLANK(G202)),""Reste prévu"","""")";"=IF(AND(NOT(ISBLANK($G201)),ISBLANK($G202)),$C$42-$F$40-$F$42,"""")";"=IF(AND(NOT(ISBLANK($G201)),ISBLANK($G202)),""Reste réel"","""")";"=IF(AND(NOT(ISBLANK($G201)),ISBLANK($G202)),$C$42-$H$40-$F$42,"""")";;;;;;"=IF(I202=""x"",H202,0)";;;;;;;;;;;;;;;;;;;
"=IF(AND(NOT(ISBLANK(G202)),ISBLANK(G203)),""Reste prévu"","""")";"=IF(AND(NOT(ISBLANK($G202)),ISBLANK($G203)),$C$42-$F$40-$F$42,"""")";"=IF(AND(NOT(ISBLANK($G202)),ISBLANK($G203)),""Reste réel"","""")";"=IF(AND(NOT(ISBLANK($G202)),ISBLANK($G203)),$C$42-$H$40-$F$42,"""")";;;;;;"=IF(I203=""x"",H203,0)";;;;;;;;;;;;;;;;;;;
"=IF(AND(NOT(ISBLANK(G203)),ISBLANK(G204)),""Reste prévu"","""")";"=IF(AND(NOT(ISBLANK($G203)),ISBLANK($G204)),$C$42-$F$40-$F$42,"""")";"=IF(AND(NOT(ISBLANK($G203)),ISBLANK($G204)),""Reste réel"","""")";"=IF(AND(NOT(ISBLANK($G203)),ISBLANK($G204)),$C$42-$H$40-$F$42,"""")";;;;;;"=IF(I204=""x"",H204,0)";;;;;;;;;;;;;;;;;;;
"=IF(AND(NOT(ISBLANK(G204)),ISBLANK(G205)),""Reste prévu"","""")";"=IF(AND(NOT(ISBLANK($G204)),ISBLANK($G205)),$C$42-$F$40-$F$42,"""")";"=IF(AND(NOT(ISBLANK($G204)),ISBLANK($G205)),""Reste réel"","""")";"=IF(AND(NOT(ISBLANK($G204)),ISBLANK($G205)),$C$42-$H$40-$F$42,"""")";;;;;;"=IF(I205=""x"",H205,0)";;;;;;;;;;;;;;;;;;;
"=IF(AND(NOT(ISBLANK(G205)),ISBLANK(G206)),""Reste prévu"","""")";"=IF(AND(NOT(ISBLANK($G205)),ISBLANK($G206)),$C$42-$F$40-$F$42,"""")";"=IF(AND(NOT(ISBLANK($G205)),ISBLANK($G206)),""Reste réel"","""")";"=IF(AND(NOT(ISBLANK($G205)),ISBLANK($G206)),$C$42-$H$40-$F$42,"""")";;;;;;"=IF(I206=""x"",H206,0)";;;;;;;;;;;;;;;;;;;
"=IF(AND(NOT(ISBLANK(G206)),ISBLANK(G207)),""Reste prévu"","""")";"=IF(AND(NOT(ISBLANK($G206)),ISBLANK($G207)),$C$42-$F$40-$F$42,"""")";"=IF(AND(NOT(ISBLANK($G206)),ISBLANK($G207)),""Reste réel"","""")";"=IF(AND(NOT(ISBLANK($G206)),ISBLANK($G207)),$C$42-$H$40-$F$42,"""")";;;;;;"=IF(I207=""x"",H207,0)";;;;;;;;;;;;;;;;;;;
"=IF(AND(NOT(ISBLANK(G207)),ISBLANK(G208)),""Reste prévu"","""")";"=IF(AND(NOT(ISBLANK($G207)),ISBLANK($G208)),$C$42-$F$40-$F$42,"""")";"=IF(AND(NOT(ISBLANK($G207)),ISBLANK($G208)),""Reste réel"","""")";"=IF(AND(NOT(ISBLANK($G207)),ISBLANK($G208)),$C$42-$H$40-$F$42,"""")";;;;;;"=IF(I208=""x"",H208,0)";;;;;;;;;;;;;;;;;;;
"=IF(AND(NOT(ISBLANK(G208)),ISBLANK(G209)),""Reste prévu"","""")";"=IF(AND(NOT(ISBLANK($G208)),ISBLANK($G209)),$C$42-$F$40-$F$42,"""")";"=IF(AND(NOT(ISBLANK($G208)),ISBLANK($G209)),""Reste réel"","""")";"=IF(AND(NOT(ISBLANK($G208)),ISBLANK($G209)),$C$42-$H$40-$F$42,"""")";;;;;;"=IF(I209=""x"",H209,0)";;;;;;;;;;;;;;;;;;;
"=IF(AND(NOT(ISBLANK(G209)),ISBLANK(G210)),""Reste prévu"","""")";"=IF(AND(NOT(ISBLANK($G209)),ISBLANK($G210)),$C$42-$F$40-$F$42,"""")";"=IF(AND(NOT(ISBLANK($G209)),ISBLANK($G210)),""Reste réel"","""")";"=IF(AND(NOT(ISBLANK($G209)),ISBLANK($G210)),$C$42-$H$40-$F$42,"""")";;;;;;"=IF(I210=""x"",H210,0)";;;;;;;;;;;;;;;;;;;
"=IF(AND(NOT(ISBLANK(G210)),ISBLANK(G211)),""Reste prévu"","""")";"=IF(AND(NOT(ISBLANK($G210)),ISBLANK($G211)),$C$42-$F$40-$F$42,"""")";"=IF(AND(NOT(ISBLANK($G210)),ISBLANK($G211)),""Reste réel"","""")";"=IF(AND(NOT(ISBLANK($G210)),ISBLANK($G211)),$C$42-$H$40-$F$42,"""")";;;;;;"=IF(I211=""x"",H211,0)";;;;;;;;;;;;;;;;;;;
"=IF(AND(NOT(ISBLANK(G211)),ISBLANK(G212)),""Reste prévu"","""")";"=IF(AND(NOT(ISBLANK($G211)),ISBLANK($G212)),$C$42-$F$40-$F$42,"""")";"=IF(AND(NOT(ISBLANK($G211)),ISBLANK($G212)),""Reste réel"","""")";"=IF(AND(NOT(ISBLANK($G211)),ISBLANK($G212)),$C$42-$H$40-$F$42,"""")";;;;;;"=IF(I212=""x"",H212,0)";;;;;;;;;;;;;;;;;;;
"=IF(AND(NOT(ISBLANK(G212)),ISBLANK(G213)),""Reste prévu"","""")";"=IF(AND(NOT(ISBLANK($G212)),ISBLANK($G213)),$C$42-$F$40-$F$42,"""")";"=IF(AND(NOT(ISBLANK($G212)),ISBLANK($G213)),""Reste réel"","""")";"=IF(AND(NOT(ISBLANK($G212)),ISBLANK($G213)),$C$42-$H$40-$F$42,"""")";;;;;;"=IF(I213=""x"",H213,0)";;;;;;;;;;;;;;;;;;;
"=IF(AND(NOT(ISBLANK(G213)),ISBLANK(G214)),""Reste prévu"","""")";"=IF(AND(NOT(ISBLANK($G213)),ISBLANK($G214)),$C$42-$F$40-$F$42,"""")";"=IF(AND(NOT(ISBLANK($G213)),ISBLANK($G214)),""Reste réel"","""")";"=IF(AND(NOT(ISBLANK($G213)),ISBLANK($G214)),$C$42-$H$40-$F$42,"""")";;;;;;;;;;;;;;;;;;;;;;;;;
"=IF(AND(NOT(ISBLANK(G214)),ISBLANK(G215)),""Reste prévu"","""")";"=IF(AND(NOT(ISBLANK($G214)),ISBLANK($G215)),$C$42-$F$40-$F$42,"""")";"=IF(AND(NOT(ISBLANK($G214)),ISBLANK($G215)),""Reste réel"","""")";"=IF(AND(NOT(ISBLANK($G214)),ISBLANK($G215)),$C$42-$H$40-$F$42,"""")";;;;;;;;;;;;;;;;;;;;;;;;;
"=IF(AND(NOT(ISBLANK(G215)),ISBLANK(G216)),""Reste prévu"","""")";"=IF(AND(NOT(ISBLANK($G215)),ISBLANK($G216)),$C$42-$F$40-$F$42,"""")";"=IF(AND(NOT(ISBLANK($G215)),ISBLANK($G216)),""Reste réel"","""")";"=IF(AND(NOT(ISBLANK($G215)),ISBLANK($G216)),$C$42-$H$40-$F$42,"""")";;;;;;;;;;;;;;;;;;;;;;;;;
"=IF(AND(NOT(ISBLANK(G216)),ISBLANK(G217)),""Reste prévu"","""")";"=IF(AND(NOT(ISBLANK($G216)),ISBLANK($G217)),$C$42-$F$40-$F$42,"""")";"=IF(AND(NOT(ISBLANK($G216)),ISBLANK($G217)),""Reste réel"","""")";"=IF(AND(NOT(ISBLANK($G216)),ISBLANK($G217)),$C$42-$H$40-$F$42,"""")";;;;;;;;;;;;;;;;;;;;;;;;;
"=IF(AND(NOT(ISBLANK(G217)),ISBLANK(G218)),""Reste prévu"","""")";"=IF(AND(NOT(ISBLANK($G217)),ISBLANK($G218)),$C$42-$F$40-$F$42,"""")";"=IF(AND(NOT(ISBLANK($G217)),ISBLANK($G218)),""Reste réel"","""")";"=IF(AND(NOT(ISBLANK($G217)),ISBLANK($G218)),$C$42-$H$40-$F$42,"""")";;;;;;;;;;;;;;;;;;;;;;;;;
"=IF(AND(NOT(ISBLANK(G218)),ISBLANK(G219)),""Reste prévu"","""")";"=IF(AND(NOT(ISBLANK($G218)),ISBLANK($G219)),$C$42-$F$40-$F$42,"""")";"=IF(AND(NOT(ISBLANK($G218)),ISBLANK($G219)),""Reste réel"","""")";"=IF(AND(NOT(ISBLANK($G218)),ISBLANK($G219)),$C$42-$H$40-$F$42,"""")";;;;;;;;;;;;;;;;;;;;;;;;;
"=IF(AND(NOT(ISBLANK(G219)),ISBLANK(G220)),""Reste prévu"","""")";"=IF(AND(NOT(ISBLANK($G219)),ISBLANK($G220)),$C$42-$F$40-$F$42,"""")";"=IF(AND(NOT(ISBLANK($G219)),ISBLANK($G220)),""Reste réel"","""")";"=IF(AND(NOT(ISBLANK($G219)),ISBLANK($G220)),$C$42-$H$40-$F$42,"""")";;;;;;;;;;;;;;;;;;;;;;;;;
"=IF(AND(NOT(ISBLANK(G220)),ISBLANK(G221)),""Reste prévu"","""")";"=IF(AND(NOT(ISBLANK($G220)),ISBLANK($G221)),$C$42-$F$40-$F$42,"""")";"=IF(AND(NOT(ISBLANK($G220)),ISBLANK($G221)),""Reste réel"","""")";"=IF(AND(NOT(ISBLANK($G220)),ISBLANK($G221)),$C$42-$H$40-$F$42,"""")";;;;;;;;;;;;;;;;;;;;;;;;;
"=IF(AND(NOT(ISBLANK(G221)),ISBLANK(G222)),""Reste prévu"","""")";"=IF(AND(NOT(ISBLANK($G221)),ISBLANK($G222)),$C$42-$F$40-$F$42,"""")";"=IF(AND(NOT(ISBLANK($G221)),ISBLANK($G222)),""Reste réel"","""")";"=IF(AND(NOT(ISBLANK($G221)),ISBLANK($G222)),$C$42-$H$40-$F$42,"""")";;;;;;;;;;;;;;;;;;;;;;;;;
"=IF(AND(NOT(ISBLANK(G222)),ISBLANK(G223)),""Reste prévu"","""")";"=IF(AND(NOT(ISBLANK($G222)),ISBLANK($G223)),$C$42-$F$40-$F$42,"""")";"=IF(AND(NOT(ISBLANK($G222)),ISBLANK($G223)),""Reste réel"","""")";"=IF(AND(NOT(ISBLANK($G222)),ISBLANK($G223)),$C$42-$H$40-$F$42,"""")";;;;;;;;;;;;;;;;;;;;;;;;;
"=IF(AND(NOT(ISBLANK(G223)),ISBLANK(G224)),""Reste prévu"","""")";"=IF(AND(NOT(ISBLANK($G223)),ISBLANK($G224)),$C$42-$F$40-$F$42,"""")";"=IF(AND(NOT(ISBLANK($G223)),ISBLANK($G224)),""Reste réel"","""")";"=IF(AND(NOT(ISBLANK($G223)),ISBLANK($G224)),$C$42-$H$40-$F$42,"""")";;;;;;;;;;;;;;;;;;;;;;;;;
"=IF(AND(NOT(ISBLANK(G224)),ISBLANK(G225)),""Reste prévu"","""")";"=IF(AND(NOT(ISBLANK($G224)),ISBLANK($G225)),$C$42-$F$40-$F$42,"""")";"=IF(AND(NOT(ISBLANK($G224)),ISBLANK($G225)),""Reste réel"","""")";"=IF(AND(NOT(ISBLANK($G224)),ISBLANK($G225)),$C$42-$H$40-$F$42,"""")";;;;;;;;;;;;;;;;;;;;;;;;;
"=IF(AND(NOT(ISBLANK(G225)),ISBLANK(G226)),""Reste prévu"","""")";"=IF(AND(NOT(ISBLANK($G225)),ISBLANK($G226)),$C$42-$F$40-$F$42,"""")";"=IF(AND(NOT(ISBLANK($G225)),ISBLANK($G226)),""Reste réel"","""")";"=IF(AND(NOT(ISBLANK($G225)),ISBLANK($G226)),$C$42-$H$40-$F$42,"""")";;;;;;;;;;;;;;;;;;;;;;;;;
"=IF(AND(NOT(ISBLANK(G226)),ISBLANK(G227)),""Reste prévu"","""")";"=IF(AND(NOT(ISBLANK($G226)),ISBLANK($G227)),$C$42-$F$40-$F$42,"""")";"=IF(AND(NOT(ISBLANK($G226)),ISBLANK($G227)),""Reste réel"","""")";"=IF(AND(NOT(ISBLANK($G226)),ISBLANK($G227)),$C$42-$H$40-$F$42,"""")";;;;;;;;;;;;;;;;;;;;;;;;;
"=IF(AND(NOT(ISBLANK(G227)),ISBLANK(G228)),""Reste prévu"","""")";"=IF(AND(NOT(ISBLANK($G227)),ISBLANK($G228)),$C$42-$F$40-$F$42,"""")";"=IF(AND(NOT(ISBLANK($G227)),ISBLANK($G228)),""Reste réel"","""")";"=IF(AND(NOT(ISBLANK($G227)),ISBLANK($G228)),$C$42-$H$40-$F$42,"""")";;;;;;;;;;;;;;;;;;;;;;;;;
"=IF(AND(NOT(ISBLANK(G228)),ISBLANK(G229)),""Reste prévu"","""")";"=IF(AND(NOT(ISBLANK($G228)),ISBLANK($G229)),$C$42-$F$40-$F$42,"""")";"=IF(AND(NOT(ISBLANK($G228)),ISBLANK($G229)),""Reste réel"","""")";"=IF(AND(NOT(ISBLANK($G228)),ISBLANK($G229)),$C$42-$H$40-$F$42,"""")";;;;;;;;;;;;;;;;;;;;;;;;;
"=IF(AND(NOT(ISBLANK(G229)),ISBLANK(G230)),""Reste prévu"","""")";"=IF(AND(NOT(ISBLANK($G229)),ISBLANK($G230)),$C$42-$F$40-$F$42,"""")";"=IF(AND(NOT(ISBLANK($G229)),ISBLANK($G230)),""Reste réel"","""")";"=IF(AND(NOT(ISBLANK($G229)),ISBLANK($G230)),$C$42-$H$40-$F$42,"""")";;;;;;;;;;;;;;;;;;;;;;;;;
"=IF(AND(NOT(ISBLANK(G230)),ISBLANK(G231)),""Reste prévu"","""")";"=IF(AND(NOT(ISBLANK($G230)),ISBLANK($G231)),$C$42-$F$40-$F$42,"""")";"=IF(AND(NOT(ISBLANK($G230)),ISBLANK($G231)),""Reste réel"","""")";"=IF(AND(NOT(ISBLANK($G230)),ISBLANK($G231)),$C$42-$H$40-$F$42,"""")";;;;;;;;;;;;;;;;;;;;;;;;;
"=IF(AND(NOT(ISBLANK(G231)),ISBLANK(G232)),""Reste prévu"","""")";"=IF(AND(NOT(ISBLANK($G231)),ISBLANK($G232)),$C$42-$F$40-$F$42,"""")";"=IF(AND(NOT(ISBLANK($G231)),ISBLANK($G232)),""Reste réel"","""")";"=IF(AND(NOT(ISBLANK($G231)),ISBLANK($G232)),$C$42-$H$40-$F$42,"""")";;;;;;;;;;;;;;;;;;;;;;;;;
"=IF(AND(NOT(ISBLANK(G232)),ISBLANK(G233)),""Reste prévu"","""")";"=IF(AND(NOT(ISBLANK($G232)),ISBLANK($G233)),$C$42-$F$40-$F$42,"""")";"=IF(AND(NOT(ISBLANK($G232)),ISBLANK($G233)),""Reste réel"","""")";"=IF(AND(NOT(ISBLANK($G232)),ISBLANK($G233)),$C$42-$H$40-$F$42,"""")";;;;;;;;;;;;;;;;;;;;;;;;;
"=IF(AND(NOT(ISBLANK(G233)),ISBLANK(G234)),""Reste prévu"","""")";"=IF(AND(NOT(ISBLANK($G233)),ISBLANK($G234)),$C$42-$F$40-$F$42,"""")";"=IF(AND(NOT(ISBLANK($G233)),ISBLANK($G234)),""Reste réel"","""")";"=IF(AND(NOT(ISBLANK($G233)),ISBLANK($G234)),$C$42-$H$40-$F$42,"""")";;;;;;;;;;;;;;;;;;;;;;;;;
"=IF(AND(NOT(ISBLANK(G234)),ISBLANK(G235)),""Reste prévu"","""")";"=IF(AND(NOT(ISBLANK($G234)),ISBLANK($G235)),$C$42-$F$40-$F$42,"""")";"=IF(AND(NOT(ISBLANK($G234)),ISBLANK($G235)),""Reste réel"","""")";"=IF(AND(NOT(ISBLANK($G234)),ISBLANK($G235)),$C$42-$H$40-$F$42,"""")";;;;;;;;;;;;;;;;;;;;;;;;;
"=IF(AND(NOT(ISBLANK(G235)),ISBLANK(G236)),""Reste prévu"","""")";"=IF(AND(NOT(ISBLANK($G235)),ISBLANK($G236)),$C$42-$F$40-$F$42,"""")";"=IF(AND(NOT(ISBLANK($G235)),ISBLANK($G236)),""Reste réel"","""")";"=IF(AND(NOT(ISBLANK($G235)),ISBLANK($G236)),$C$42-$H$40-$F$42,"""")";;;;;;;;;;;;;;;;;;;;;;;;;
;;;;;;;;;;;;;;;;;;;;;;;;;;;;
;;;;;;;;;;;;;;;;;;;;;;;;;;;;
;;;;;;;;;;;;;;;;;;;;;;;;;;;;
;;;;;;;;;;;;;;;;;;;;;;;;;;;;
;;;;;;;;;;;;;;;;;;;;;;;;;;;;
;;;;;;;;;;;;;;;;;;;;;;;;;;;;
;;;;;;;;;;;;;;;;;;;;;;;;;;;;
;;;;;;;;;;;;;;;;;;;;;;;;;;;;
;;;;;;;;;;;;;;;;;;;;;;;;;;;;
;;;;;;;;;;;;;;;;;;;;;;;;;;;;
;;;;;;;;;;;;;;;;;;;;;;;;;;;;
;;;;;;;;;;;;;;;;;;;;;;;;;;;;
;;;;;;;;;;;;;;;;;;;;;;;;;;;;
;;;;;;;;;;;;;;;;;;;;;;;;;;;;
;;;;;;;;;;;;;;;;;;;;;;;;;;;;
;;;;;;;;;;;;;;;;;;;;;;;;;;;;
;;;;;;;;;;;;;;;;;;;;;;;;;;;;
;;;;;;;;;;;;;;;;;;;;;;;;;;;;
;;;;;;;;;;;;;;;;;;;;;;;;;;;;
;;;;;;;;;;;;;;;;;;;;;;;;;;;;
;;;;;;;;;;;;;;;;;;;;;;;;;;;;
;;;;;;;;;;;;;;;;;;;;;;;;;;;;
;;;;;;;;;;;;;;;;;;;;;;;;;;;;
;;;;;;;;;;;;;;;;;;;;;;;;;;;;
;;;;;;;;;;;;;;;;;;;;;;;;;;;;
;;;;;;;;;;;;;;;;;;;;;;;;;;;;
;;;;;;;;;;;;;;;;;;;;;;;;;;;;
;;;;;;;;;;;;;;;;;;;;;;;;;;;;
;;;;;;;;;;;;;;;;;;;;;;;;;;;;
;;;;;;;;;;;;;;;;;;;;;;;;;;;;
;;;;;;;;;;;;;;;;;;;;;;;;;;;;
;;;;;;;;;;;;;;;;;;;;;;;;;;;;
;;;;;;;;;;;;;;;;;;;;;;;;;;;;
;;;;;;;;;;;;;;;;;;;;;;;;;;;;
;;;;;;;;;;;;;;;;;;;;;;;;;;;;
;;;;;;;;;;;;;;;;;;;;;;;;;;;;
;;;;;;;;;;;;;;;;;;;;;;;;;;;;
;;;;;;;;;;;;;;;;;;;;;;;;;;;;
;;;;;;;;;;;;;;;;;;;;;;;;;;;;
;;;;;;;;;;;;;;;;;;;;;;;;;;;;
;;;;;;;;;;;;;;;;;;;;;;;;;;;;
;;;;;;;;;;;;;;;;;;;;;;;;;;;;
;;;;;;;;;;;;;;;;;;;;;;;;;;;;
;;;;;;;;;;;;;;;;;;;;;;;;;;;;
;;;;;;;;;;;;;;;;;;;;;;;;;;;;
;;;;;;;;;;;;;;;;;;;;;;;;;;;;
;;;;;;;;;;;;;;;;;;;;;;;;;;;;
;;;;;;;;;;;;;;;;;;;;;;;;;;;;
;;;;;;;;;;;;;;;;;;;;;;;;;;;;
;;;;;;;;;;;;;;;;;;;;;;;;;;;;
;;;;;;;;;;;;;;;;;;;;;;;;;;;;
;;;;;;;;;;;;;;;;;;;;;;;;;;;;
;;;;;;;;;;;;;;;;;;;;;;;;;;;;
;;;;;;;;;;;;;;;;;;;;;;;;;;;;
;;;;;;;;;;;;;;;;;;;;;;;;;;;;
;;;;;;;;;;;;;;;;;;;;;;;;;;;;
;;;;;;;;;;;;;;;;;;;;;;;;;;;;
;;;;;;;;;;;;;;;;;;;;;;;;;;;;
;;;;;;;;;;;;;;;;;;;;;;;;;;;;
;;;;;;;;;;;;;;;;;;;;;;;;;;;;
;;;;;;;;;;;;;;;;;;;;;;;;;;;;
;;;;;;;;;;;;;;;;;;;;;;;;;;;;
;;;;;;;;;;;;;;;;;;;;;;;;;;;;
;;;;;;;;;;;;;;;;;;;;;;;;;;;;
;;;;;;;;;;;;;;;;;;;;;;;;;;;;
;;;;;;;;;;;;;;;;;;;;;;;;;;;;
;;;;;;;;;;;;;;;;;;;;;;;;;;;;
;;;;;;;;;;;;;;;;;;;;;;;;;;;;
;;;;;;;;;;;;;;;;;;;;;;;;;;;;
;;;;;;;;;;;;;;;;;;;;;;;;;;;;
;;;;;;;;;;;;;;;;;;;;;;;;;;;;
;;;;;;;;;;;;;;;;;;;;;;;;;;;;
;;;;;;;;;;;;;;;;;;;;;;;;;;;;
;;;;;;;;;;;;;;;;;;;;;;;;;;;;
;;;;;;;;;;;;;;;;;;;;;;;;;;;;
;;;;;;;;;;;;;;;;;;;;;;;;;;;;
;;;;;;;;;;;;;;;;;;;;;;;;;;;;
;;;;;;;;;;;;;;;;;;;;;;;;;;;;
;;;;;;;;;;;;;;;;;;;;;;;;;;;;
;;;;;;;;;;;;;;;;;;;;;;;;;;;;
;;;;;;;;;;;;;;;;;;;;;;;;;;;;
;;;;;;;;;;;;;;;;;;;;;;;;;;;;
;;;;;;;;;;;;;;;;;;;;;;;;;;;;
;;;;;;;;;;;;;;;;;;;;;;;;;;;;
;;;;;;;;;;;;;;;;;;;;;;;;;;;;
;;;;;;;;;;;;;;;;;;;;;;;;;;;;
;;;;;;;;;;;;;;;;;;;;;;;;;;;;
;;;;;;;;;;;;;;;;;;;;;;;;;;;;
;;;;;;;;;;;;;;;;;;;;;;;;;;;;
;;;;;;;;;;;;;;;;;;;;;;;;;;;;
;;;;;;;;;;;;;;;;;;;;;;;;;;;;
;;;;;;;;;;;;;;;;;;;;;;;;;;;;
;;;;;;;;;;;;;;;;;;;;;;;;;;;;
;;;;;;;;;;;;;;;;;;;;;;;;;;;;
;;;;;;;;;;;;;;;;;;;;;;;;;;;;
;;;;;;;;;;;;;;;;;;;;;;;;;;;;
;;;;;;;;;;;;;;;;;;;;;;;;;;;;
;;;;;;;;;;;;;;;;;;;;;;;;;;;;
;;;;;;;;;;;;;;;;;;;;;;;;;;;;
;;;;;;;;;;;;;;;;;;;;;;;;;;;;
;;;;;;;;;;;;;;;;;;;;;;;;;;;;
;;;;;;;;;;;;;;;;;;;;;;;;;;;;
;;;;;;;;;;;;;;;;;;;;;;;;;;;;
;;;;;;;;;;;;;;;;;;;;;;;;;;;;
;;;;;;;;;;;;;;;;;;;;;;;;;;;;
;;;;;;;;;;;;;;;;;;;;;;;;;;;;
;;;;;;;;;;;;;;;;;;;;;;;;;;;;
;;;;;;;;;;;;;;;;;;;;;;;;;;;;
;;;;;;;;;;;;;;;;;;;;;;;;;;;;
;;;;;;;;;;;;;;;;;;;;;;;;;;;;
;;;;;;;;;;;;;;;;;;;;;;;;;;;;
;;;;;;;;;;;;;;;;;;;;;;;;;;;;
;;;;;;;;;;;;;;;;;;;;;;;;;;;;
;;;;;;;;;;;;;;;;;;;;;;;;;;;;
;;;;;;;;;;;;;;;;;;;;;;;;;;;;
;;;;;;;;;;;;;;;;;;;;;;;;;;;;
;;;;;;;;;;;;;;;;;;;;;;;;;;;;
;;;;;;;;;;;;;;;;;;;;;;;;;;;;
;;;;;;;;;;;;;;;;;;;;;;;;;;;;
;;;;;;;;;;;;;;;;;;;;;;;;;;;;
;;;;;;;;;;;;;;;;;;;;;;;;;;;;
;;;;;;;;;;;;;;;;;;;;;;;;;;;;
;;;;;;;;;;;;;;;;;;;;;;;;;;;;
;;;;;;;;;;;;;;;;;;;;;;;;;;;;
;;;;;;;;;;;;;;;;;;;;;;;;;;;;
;;;;;;;;;;;;;;;;;;;;;;;;;;;;
;;;;;;;;;;;;;;;;;;;;;;;;;;;;
;;;;;;;;;;;;;;;;;;;;;;;;;;;;
;;;;;;;;;;;;;;;;;;;;;;;;;;;;
;;;;;;;;;;;;;;;;;;;;;;;;;;;;
;;;;;;;;;;;;;;;;;;;;;;;;;;;;
;;;;;;;;;;;;;;;;;;;;;;;;;;;;
;;;;;;;;;;;;;;;;;;;;;;;;;;;;
;;;;;;;;;;;;;;;;;;;;;;;;;;;;
;;;;;;;;;;;;;;;;;;;;;;;;;;;;
;;;;;;;;;;;;;;;;;;;;;;;;;;;;
;;;;;;;;;;;;;;;;;;;;;;;;;;;;
;;;;;;;;;;;;;;;;;;;;;;;;;;;;
;;;;;;;;;;;;;;;;;;;;;;;;;;;;
;;;;;;;;;;;;;;;;;;;;;;;;;;;;
;;;;;;;;;;;;;;;;;;;;;;;;;;;;
;;;;;;;;;;;;;;;;;;;;;;;;;;;;
;;;;;;;;;;;;;;;;;;;;;;;;;;;;
;;;;;;;;;;;;;;;;;;;;;;;;;;;;
;;;;;;;;;;;;;;;;;;;;;;;;;;;;
;;;;;;;;;;;;;;;;;;;;;;;;;;;;
;;;;;;;;;;;;;;;;;;;;;;;;;;;;
;;;;;;;;;;;;;;;;;;;;;;;;;;;;
;;;;;;;;;;;;;;;;;;;;;;;;;;;;
;;;;;;;;;;;;;;;;;;;;;;;;;;;;
;;;;;;;;;;;;;;;;;;;;;;;;;;;;
;;;;;;;;;;;;;;;;;;;;;;;;;;;;
;;;;;;;;;;;;;;;;;;;;;;;;;;;;
;;;;;;;;;;;;;;;;;;;;;;;;;;;;
;;;;;;;;;;;;;;;;;;;;;;;;;;;;
;;;;;;;;;;;;;;;;;;;;;;;;;;;;
;;;;;;;;;;;;;;;;;;;;;;;;;;;;
;;;;;;;;;;;;;;;;;;;;;;;;;;;;
;;;;;;;;;;;;;;;;;;;;;;;;;;;;
;;;;;;;;;;;;;;;;;;;;;;;;;;;;
;;;;;;;;;;;;;;;;;;;;;;;;;;;;
;;;;;;;;;;;;;;;;;;;;;;;;;;;;
;;;;;;;;;;;;;;;;;;;;;;;;;;;;
;;;;;;;;;;;;;;;;;;;;;;;;;;;;
;;;;;;;;;;;;;;;;;;;;;;;;;;;;
;;;;;;;;;;;;;;;;;;;;;;;;;;;;
;;;;;;;;;;;;;;;;;;;;;;;;;;;;
;;;;;;;;;;;;;;;;;;;;;;;;;;;;
;;;;;;;;;;;;;;;;;;;;;;;;;;;;
;;;;;;;;;;;;;;;;;;;;;;;;;;;;
;;;;;;;;;;;;;;;;;;;;;;;;;;;;
;;;;;;;;;;;;;;;;;;;;;;;;;;;;
;;;;;;;;;;;;;;;;;;;;;;;;;;;;
;;;;;;;;;;;;;;;;;;;;;;;;;;;;
;;;;;;;;;;;;;;;;;;;;;;;;;;;;
;;;;;;;;;;;;;;;;;;;;;;;;;;;;
;;;;;;;;;;;;;;;;;;;;;;;;;;;;
;;;;;;;;;;;;;;;;;;;;;;;;;;;;
;;;;;;;;;;;;;;;;;;;;;;;;;;;;
;;;;;;;;;;;;;;;;;;;;;;;;;;;;
;;;;;;;;;;;;;;;;;;;;;;;;;;;;
;;;;;;;;;;;;;;;;;;;;;;;;;;;;
;;;;;;;;;;;;;;;;;;;;;;;;;;;;
;;;;;;;;;;;;;;;;;;;;;;;;;;;;
;;;;;;;;;;;;;;;;;;;;;;;;;;;;
;;;;;;;;;;;;;;;;;;;;;;;;;;;;
;;;;;;;;;;;;;;;;;;;;;;;;;;;;
;;;;;;;;;;;;;;;;;;;;;;;;;;;;
;;;;;;;;;;;;;;;;;;;;;;;;;;;;
;;;;;;;;;;;;;;;;;;;;;;;;;;;;
;;;;;;;;;;;;;;;;;;;;;;;;;;;;
;;;;;;;;;;;;;;;;;;;;;;;;;;;;
;;;;;;;;;;;;;;;;;;;;;;;;;;;;
;;;;;;;;;;;;;;;;;;;;;;;;;;;;
;;;;;;;;;;;;;;;;;;;;;;;;;;;;
;;;;;;;;;;;;;;;;;;;;;;;;;;;;
;;;;;;;;;;;;;;;;;;;;;;;;;;;;
;;;;;;;;;;;;;;;;;;;;;;;;;;;;
;;;;;;;;;;;;;;;;;;;;;;;;;;;;
;;;;;;;;;;;;;;;;;;;;;;;;;;;;
;;;;;;;;;;;;;;;;;;;;;;;;;;;;
;;;;;;;;;;;;;;;;;;;;;;;;;;;;
;;;;;;;;;;;;;;;;;;;;;;;;;;;;
;;;;;;;;;;;;;;;;;;;;;;;;;;;;
;;;;;;;;;;;;;;;;;;;;;;;;;;;;
;;;;;;;;;;;;;;;;;;;;;;;;;;;;
;;;;;;;;;;;;;;;;;;;;;;;;;;;;
;;;;;;;;;;;;;;;;;;;;;;;;;;;;
;;;;;;;;;;;;;;;;;;;;;;;;;;;;
;;;;;;;;;;;;;;;;;;;;;;;;;;;;
;;;;;;;;;;;;;;;;;;;;;;;;;;;;
;;;;;;;;;;;;;;;;;;;;;;;;;;;;
;;;;;;;;;;;;;;;;;;;;;;;;;;;;
;;;;;;;;;;;;;;;;;;;;;;;;;;;;
;;;;;;;;;;;;;;;;;;;;;;;;;;;;
;;;;;;;;;;;;;;;;;;;;;;;;;;;;
;;;;;;;;;;;;;;;;;;;;;;;;;;;;
;;;;;;;;;;;;;;;;;;;;;;;;;;;;
;;;;;;;;;;;;;;;;;;;;;;;;;;;;
;;;;;;;;;;;;;;;;;;;;;;;;;;;;
;;;;;;;;;;;;;;;;;;;;;;;;;;;;
;;;;;;;;;;;;;;;;;;;;;;;;;;;;
;;;;;;;;;;;;;;;;;;;;;;;;;;;;
;;;;;;;;;;;;;;;;;;;;;;;;;;;;
;;;;;;;;;;;;;;;;;;;;;;;;;;;;
;;;;;;;;;;;;;;;;;;;;;;;;;;;;
;;;;;;;;;;;;;;;;;;;;;;;;;;;;
;;;;;;;;;;;;;;;;;;;;;;;;;;;;
;;;;;;;;;;;;;;;;;;;;;;;;;;;;
;;;;;;;;;;;;;;;;;;;;;;;;;;;;
;;;;;;;;;;;;;;;;;;;;;;;;;;;;
;;;;;;;;;;;;;;;;;;;;;;;;;;;;
;;;;;;;;;;;;;;;;;;;;;;;;;;;;
;;;;;;;;;;;;;;;;;;;;;;;;;;;;
;;;;;;;;;;;;;;;;;;;;;;;;;;;;
;;;;;;;;;;;;;;;;;;;;;;;;;;;;
;;;;;;;;;;;;;;;;;;;;;;;;;;;;
;;;;;;;;;;;;;;;;;;;;;;;;;;;;
;;;;;;;;;;;;;;;;;;;;;;;;;;;;
;;;;;;;;;;;;;;;;;;;;;;;;;;;;
;;;;;;;;;;;;;;;;;;;;;;;;;;;;
;;;;;;;;;;;;;;;;;;;;;;;;;;;;
;;;;;;;;;;;;;;;;;;;;;;;;;;;;
;;;;;;;;;;;;;;;;;;;;;;;;;;;;
;;;;;;;;;;;;;;;;;;;;;;;;;;;;
;;;;;;;;;;;;;;;;;;;;;;;;;;;;
;;;;;;;;;;;;;;;;;;;;;;;;;;;;
;;;;;;;;;;;;;;;;;;;;;;;;;;;;
;;;;;;;;;;;;;;;;;;;;;;;;;;;;
;;;;;;;;;;;;;;;;;;;;;;;;;;;;
;;;;;;;;;;;;;;;;;;;;;;;;;;;;
;;;;;;;;;;;;;;;;;;;;;;;;;;;;
;;;;;;;;;;;;;;;;;;;;;;;;;;;;
;;;;;;;;;;;;;;;;;;;;;;;;;;;;
;;;;;;;;;;;;;;;;;;;;;;;;;;;;
;;;;;;;;;;;;;;;;;;;;;;;;;;;;
;;;;;;;;;;;;;;;;;;;;;;;;;;;;
;;;;;;;;;;;;;;;;;;;;;;;;;;;;
;;;;;;;;;;;;;;;;;;;;;;;;;;;;
;;;;;;;;;;;;;;;;;;;;;;;;;;;;
;;;;;;;;;;;;;;;;;;;;;;;;;;;;
;;;;;;;;;;;;;;;;;;;;;;;;;;;;
;;;;;;;;;;;;;;;;;;;;;;;;;;;;
;;;;;;;;;;;;;;;;;;;;;;;;;;;;
;;;;;;;;;;;;;;;;;;;;;;;;;;;;
;;;;;;;;;;;;;;;;;;;;;;;;;;;;
;;;;;;;;;;;;;;;;;;;;;;;;;;;;
;;;;;;;;;;;;;;;;;;;;;;;;;;;;
;;;;;;;;;;;;;;;;;;;;;;;;;;;;
;;;;;;;;;;;;;;;;;;;;;;;;;;;;
;;;;;;;;;;;;;;;;;;;;;;;;;;;;
;;;;;;;;;;;;;;;;;;;;;;;;;;;;
;;;;;;;;;;;;;;;;;;;;;;;;;;;;
;;;;;;;;;;;;;;;;;;;;;;;;;;;;
;;;;;;;;;;;;;;;;;;;;;;;;;;;;
;;;;;;;;;;;;;;;;;;;;;;;;;;;;
;;;;;;;;;;;;;;;;;;;;;;;;;;;;
;;;;;;;;;;;;;;;;;;;;;;;;;;;;
;;;;;;;;;;;;;;;;;;;;;;;;;;;;
;;;;;;;;;;;;;;;;;;;;;;;;;;;;
;;;;;;;;;;;;;;;;;;;;;;;;;;;;
;;;;;;;;;;;;;;;;;;;;;;;;;;;;
;;;;;;;;;;;;;;;;;;;;;;;;;;;;
;;;;;;;;;;;;;;;;;;;;;;;;;;;;
;;;;;;;;;;;;;;;;;;;;;;;;;;;;
;;;;;;;;;;;;;;;;;;;;;;;;;;;;
;;;;;;;;;;;;;;;;;;;;;;;;;;;;
;;;;;;;;;;;;;;;;;;;;;;;;;;;;
;;;;;;;;;;;;;;;;;;;;;;;;;;;;
;;;;;;;;;;;;;;;;;;;;;;;;;;;;
;;;;;;;;;;;;;;;;;;;;;;;;;;;;
;;;;;;;;;;;;;;;;;;;;;;;;;;;;
;;;;;;;;;;;;;;;;;;;;;;;;;;;;
;;;;;;;;;;;;;;;;;;;;;;;;;;;;
;;;;;;;;;;;;;;;;;;;;;;;;;;;;
;;;;;;;;;;;;;;;;;;;;;;;;;;;;
;;;;;;;;;;;;;;;;;;;;;;;;;;;;
;;;;;;;;;;;;;;;;;;;;;;;;;;;;
;;;;;;;;;;;;;;;;;;;;;;;;;;;;
;;;;;;;;;;;;;;;;;;;;;;;;;;;;
;;;;;;;;;;;;;;;;;;;;;;;;;;;;
;;;;;;;;;;;;;;;;;;;;;;;;;;;;
;;;;;;;;;;;;;;;;;;;;;;;;;;;;
;;;;;;;;;;;;;;;;;;;;;;;;;;;;
;;;;;;;;;;;;;;;;;;;;;;;;;;;;
;;;;;;;;;;;;;;;;;;;;;;;;;;;;
;;;;;;;;;;;;;;;;;;;;;;;;;;;;
;;;;;;;;;;;;;;;;;;;;;;;;;;;;
;;;;;;;;;;;;;;;;;;;;;;;;;;;;
;;;;;;;;;;;;;;;;;;;;;;;;;;;;
;;;;;;;;;;;;;;;;;;;;;;;;;;;;
;;;;;;;;;;;;;;;;;;;;;;;;;;;;
;;;;;;;;;;;;;;;;;;;;;;;;;;;;
;;;;;;;;;;;;;;;;;;;;;;;;;;;;
;;;;;;;;;;;;;;;;;;;;;;;;;;;;
;;;;;;;;;;;;;;;;;;;;;;;;;;;;
;;;;;;;;;;;;;;;;;;;;;;;;;;;;
;;;;;;;;;;;;;;;;;;;;;;;;;;;;
;;;;;;;;;;;;;;;;;;;;;;;;;;;;
;;;;;;;;;;;;;;;;;;;;;;;;;;;;
;;;;;;;;;;;;;;;;;;;;;;;;;;;;
;;;;;;;;;;;;;;;;;;;;;;;;;;;;
;;;;;;;;;;;;;;;;;;;;;;;;;;;;
;;;;;;;;;;;;;;;;;;;;;;;;;;;;
;;;;;;;;;;;;;;;;;;;;;;;;;;;;
;;;;;;;;;;;;;;;;;;;;;;;;;;;;
;;;;;;;;;;;;;;;;;;;;;;;;;;;;
;;;;;;;;;;;;;;;;;;;;;;;;;;;;
;;;;;;;;;;;;;;;;;;;;;;;;;;;;
;;;;;;;;;;;;;;;;;;;;;;;;;;;;
;;;;;;;;;;;;;;;;;;;;;;;;;;;;
;;;;;;;;;;;;;;;;;;;;;;;;;;;;
;;;;;;;;;;;;;;;;;;;;;;;;;;;;
;;;;;;;;;;;;;;;;;;;;;;;;;;;;
;;;;;;;;;;;;;;;;;;;;;;;;;;;;
;;;;;;;;;;;;;;;;;;;;;;;;;;;;
;;;;;;;;;;;;;;;;;;;;;;;;;;;;
;;;;;;;;;;;;;;;;;;;;;;;;;;;;
;;;;;;;;;;;;;;;;;;;;;;;;;;;;
;;;;;;;;;;;;;;;;;;;;;;;;;;;;
;;;;;;;;;;;;;;;;;;;;;;;;;;;;
;;;;;;;;;;;;;;;;;;;;;;;;;;;;
;;;;;;;;;;;;;;;;;;;;;;;;;;;;
;;;;;;;;;;;;;;;;;;;;;;;;;;;;
;;;;;;;;;;;;;;;;;;;;;;;;;;;;
;;;;;;;;;;;;;;;;;;;;;;;;;;;;
;;;;;;;;;;;;;;;;;;;;;;;;;;;;
;;;;;;;;;;;;;;;;;;;;;;;;;;;;
;;;;;;;;;;;;;;;;;;;;;;;;;;;;
;;;;;;;;;;;;;;;;;;;;;;;;;;;;
;;;;;;;;;;;;;;;;;;;;;;;;;;;;
;;;;;;;;;;;;;;;;;;;;;;;;;;;;
;;;;;;;;;;;;;;;;;;;;;;;;;;;;
;;;;;;;;;;;;;;;;;;;;;;;;;;;;
;;;;;;;;;;;;;;;;;;;;;;;;;;;;
;;;;;;;;;;;;;;;;;;;;;;;;;;;;
;;;;;;;;;;;;;;;;;;;;;;;;;;;;
;;;;;;;;;;;;;;;;;;;;;;;;;;;;
;;;;;;;;;;;;;;;;;;;;;;;;;;;;
;;;;;;;;;;;;;;;;;;;;;;;;;;;;
;;;;;;;;;;;;;;;;;;;;;;;;;;;;
;;;;;;;;;;;;;;;;;;;;;;;;;;;;
;;;;;;;;;;;;;;;;;;;;;;;;;;;;
;;;;;;;;;;;;;;;;;;;;;;;;;;;;
;;;;;;;;;;;;;;;;;;;;;;;;;;;;
;;;;;;;;;;;;;;;;;;;;;;;;;;;;
;;;;;;;;;;;;;;;;;;;;;;;;;;;;
;;;;;;;;;;;;;;;;;;;;;;;;;;;;
;;;;;;;;;;;;;;;;;;;;;;;;;;;;
;;;;;;;;;;;;;;;;;;;;;;;;;;;;
;;;;;;;;;;;;;;;;;;;;;;;;;;;;
;;;;;;;;;;;;;;;;;;;;;;;;;;;;
;;;;;;;;;;;;;;;;;;;;;;;;;;;;
;;;;;;;;;;;;;;;;;;;;;;;;;;;;
;;;;;;;;;;;;;;;;;;;;;;;;;;;;
;;;;;;;;;;;;;;;;;;;;;;;;;;;;
;;;;;;;;;;;;;;;;;;;;;;;;;;;;
;;;;;;;;;;;;;;;;;;;;;;;;;;;;
;;;;;;;;;;;;;;;;;;;;;;;;;;;;
;;;;;;;;;;;;;;;;;;;;;;;;;;;;
;;;;;;;;;;;;;;;;;;;;;;;;;;;;
;;;;;;;;;;;;;;;;;;;;;;;;;;;;
;;;;;;;;;;;;;;;;;;;;;;;;;;;;
;;;;;;;;;;;;;;;;;;;;;;;;;;;;
;;;;;;;;;;;;;;;;;;;;;;;;;;;;
;;;;;;;;;;;;;;;;;;;;;;;;;;;;
;;;;;;;;;;;;;;;;;;;;;;;;;;;;
;;;;;;;;;;;;;;;;;;;;;;;;;;;;
;;;;;;;;;;;;;;;;;;;;;;;;;;;;
;;;;;;;;;;;;;;;;;;;;;;;;;;;;
;;;;;;;;;;;;;;;;;;;;;;;;;;;;
;;;;;;;;;;;;;;;;;;;;;;;;;;;;
;;;;;;;;;;;;;;;;;;;;;;;;;;;;
;;;;;;;;;;;;;;;;;;;;;;;;;;;;
;;;;;;;;;;;;;;;;;;;;;;;;;;;;
;;;;;;;;;;;;;;;;;;;;;;;;;;;;
;;;;;;;;;;;;;;;;;;;;;;;;;;;;
;;;;;;;;;;;;;;;;;;;;;;;;;;;;
;;;;;;;;;;;;;;;;;;;;;;;;;;;;
;;;;;;;;;;;;;;;;;;;;;;;;;;;;
;;;;;;;;;;;;;;;;;;;;;;;;;;;;
;;;;;;;;;;;;;;;;;;;;;;;;;;;;
;;;;;;;;;;;;;;;;;;;;;;;;;;;;
;;;;;;;;;;;;;;;;;;;;;;;;;;;;
;;;;;;;;;;;;;;;;;;;;;;;;;;;;
;;;;;;;;;;;;;;;;;;;;;;;;;;;;
;;;;;;;;;;;;;;;;;;;;;;;;;;;;
;;;;;;;;;;;;;;;;;;;;;;;;;;;;
;;;;;;;;;;;;;;;;;;;;;;;;;;;;
;;;;;;;;;;;;;;;;;;;;;;;;;;;;
;;;;;;;;;;;;;;;;;;;;;;;;;;;;
;;;;;;;;;;;;;;;;;;;;;;;;;;;;
;;;;;;;;;;;;;;;;;;;;;;;;;;;;
;;;;;;;;;;;;;;;;;;;;;;;;;;;;
;;;;;;;;;;;;;;;;;;;;;;;;;;;;
;;;;;;;;;;;;;;;;;;;;;;;;;;;;
;;;;;;;;;;;;;;;;;;;;;;;;;;;;
;;;;;;;;;;;;;;;;;;;;;;;;;;;;
;;;;;;;;;;;;;;;;;;;;;;;;;;;;
;;;;;;;;;;;;;;;;;;;;;;;;;;;;
;;;;;;;;;;;;;;;;;;;;;;;;;;;;
;;;;;;;;;;;;;;;;;;;;;;;;;;;;
;;;;;;;;;;;;;;;;;;;;;;;;;;;;
;;;;;;;;;;;;;;;;;;;;;;;;;;;;
;;;;;;;;;;;;;;;;;;;;;;;;;;;;
;;;;;;;;;;;;;;;;;;;;;;;;;;;;
;;;;;;;;;;;;;;;;;;;;;;;;;;;;
;;;;;;;;;;;;;;;;;;;;;;;;;;;;
;;;;;;;;;;;;;;;;;;;;;;;;;;;;
;;;;;;;;;;;;;;;;;;;;;;;;;;;;
;;;;;;;;;;;;;;;;;;;;;;;;;;;;
;;;;;;;;;;;;;;;;;;;;;;;;;;;;
;;;;;;;;;;;;;;;;;;;;;;;;;;;;
;;;;;;;;;;;;;;;;;;;;;;;;;;;;
;;;;;;;;;;;;;;;;;;;;;;;;;;;;
;;;;;;;;;;;;;;;;;;;;;;;;;;;;
;;;;;;;;;;;;;;;;;;;;;;;;;;;;
;;;;;;;;;;;;;;;;;;;;;;;;;;;;
;;;;;;;;;;;;;;;;;;;;;;;;;;;;
;;;;;;;;;;;;;;;;;;;;;;;;;;;;
;;;;;;;;;;;;;;;;;;;;;;;;;;;;
;;;;;;;;;;;;;;;;;;;;;;;;;;;;
;;;;;;;;;;;;;;;;;;;;;;;;;;;;
;;;;;;;;;;;;;;;;;;;;;;;;;;;;
;;;;;;;;;;;;;;;;;;;;;;;;;;;;
;;;;;;;;;;;;;;;;;;;;;;;;;;;;
;;;;;;;;;;;;;;;;;;;;;;;;;;;;
;;;;;;;;;;;;;;;;;;;;;;;;;;;;
;;;;;;;;;;;;;;;;;;;;;;;;;;;;
;;;;;;;;;;;;;;;;;;;;;;;;;;;;
;;;;;;;;;;;;;;;;;;;;;;;;;;;;
;;;;;;;;;;;;;;;;;;;;;;;;;;;;
;;;;;;;;;;;;;;;;;;;;;;;;;;;;
;;;;;;;;;;;;;;;;;;;;;;;;;;;;
;;;;;;;;;;;;;;;;;;;;;;;;;;;;
;;;;;;;;;;;;;;;;;;;;;;;;;;;;
;;;;;;;;;;;;;;;;;;;;;;;;;;;;
;;;;;;;;;;;;;;;;;;;;;;;;;;;;
;;;;;;;;;;;;;;;;;;;;;;;;;;;;
;;;;;;;;;;;;;;;;;;;;;;;;;;;;
;;;;;;;;;;;;;;;;;;;;;;;;;;;;
;;;;;;;;;;;;;;;;;;;;;;;;;;;;
;;;;;;;;;;;;;;;;;;;;;;;;;;;;
;;;;;;;;;;;;;;;;;;;;;;;;;;;;
;;;;;;;;;;;;;;;;;;;;;;;;;;;;
;;;;;;;;;;;;;;;;;;;;;;;;;;;;
;;;;;;;;;;;;;;;;;;;;;;;;;;;;
;;;;;;;;;;;;;;;;;;;;;;;;;;;;
;;;;;;;;;;;;;;;;;;;;;;;;;;;;
;;;;;;;;;;;;;;;;;;;;;;;;;;;;
;;;;;;;;;;;;;;;;;;;;;;;;;;;;
;;;;;;;;;;;;;;;;;;;;;;;;;;;;
;;;;;;;;;;;;;;;;;;;;;;;;;;;;
;;;;;;;;;;;;;;;;;;;;;;;;;;;;
;;;;;;;;;;;;;;;;;;;;;;;;;;;;
;;;;;;;;;;;;;;;;;;;;;;;;;;;;
;;;;;;;;;;;;;;;;;;;;;;;;;;;;
;;;;;;;;;;;;;;;;;;;;;;;;;;;;
;;;;;;;;;;;;;;;;;;;;;;;;;;;;
;;;;;;;;;;;;;;;;;;;;;;;;;;;;
;;;;;;;;;;;;;;;;;;;;;;;;;;;;
;;;;;;;;;;;;;;;;;;;;;;;;;;;;
;;;;;;;;;;;;;;;;;;;;;;;;;;;;
;;;;;;;;;;;;;;;;;;;;;;;;;;;;
;;;;;;;;;;;;;;;;;;;;;;;;;;;;
;;;;;;;;;;;;;;;;;;;;;;;;;;;;
;;;;;;;;;;;;;;;;;;;;;;;;;;;;
;;;;;;;;;;;;;;;;;;;;;;;;;;;;
;;;;;;;;;;;;;;;;;;;;;;;;;;;;
;;;;;;;;;;;;;;;;;;;;;;;;;;;;
;;;;;;;;;;;;;;;;;;;;;;;;;;;;
;;;;;;;;;;;;;;;;;;;;;;;;;;;;
;;;;;;;;;;;;;;;;;;;;;;;;;;;;
;;;;;;;;;;;;;;;;;;;;;;;;;;;;
;;;;;;;;;;;;;;;;;;;;;;;;;;;;
;;;;;;;;;;;;;;;;;;;;;;;;;;;;
;;;;;;;;;;;;;;;;;;;;;;;;;;;;
;;;;;;;;;;;;;;;;;;;;;;;;;;;;
;;;;;;;;;;;;;;;;;;;;;;;;;;;;
;;;;;;;;;;;;;;;;;;;;;;;;;;;;
;;;;;;;;;;;;;;;;;;;;;;;;;;;;
;;;;;;;;;;;;;;;;;;;;;;;;;;;;
;;;;;;;;;;;;;;;;;;;;;;;;;;;;
;;;;;;;;;;;;;;;;;;;;;;;;;;;;
;;;;;;;;;;;;;;;;;;;;;;;;;;;;
;;;;;;;;;;;;;;;;;;;;;;;;;;;;
;;;;;;;;;;;;;;;;;;;;;;;;;;;;
;;;;;;;;;;;;;;;;;;;;;;;;;;;;
;;;;;;;;;;;;;;;;;;;;;;;;;;;;
;;;;;;;;;;;;;;;;;;;;;;;;;;;;
;;;;;;;;;;;;;;;;;;;;;;;;;;;;
;;;;;;;;;;;;;;;;;;;;;;;;;;;;
;;;;;;;;;;;;;;;;;;;;;;;;;;;;
;;;;;;;;;;;;;;;;;;;;;;;;;;;;
;;;;;;;;;;;;;;;;;;;;;;;;;;;;
;;;;;;;;;;;;;;;;;;;;;;;;;;;;
;;;;;;;;;;;;;;;;;;;;;;;;;;;;
;;;;;;;;;;;;;;;;;;;;;;;;;;;;
;;;;;;;;;;;;;;;;;;;;;;;;;;;;
;;;;;;;;;;;;;;;;;;;;;;;;;;;;
;;;;;;;;;;;;;;;;;;;;;;;;;;;;
;;;;;;;;;;;;;;;;;;;;;;;;;;;;
;;;;;;;;;;;;;;;;;;;;;;;;;;;;
;;;;;;;;;;;;;;;;;;;;;;;;;;;;
;;;;;;;;;;;;;;;;;;;;;;;;;;;;
;;;;;;;;;;;;;;;;;;;;;;;;;;;;
;;;;;;;;;;;;;;;;;;;;;;;;;;;;
;;;;;;;;;;;;;;;;;;;;;;;;;;;;
;;;;;;;;;;;;;;;;;;;;;;;;;;;;
;;;;;;;;;;;;;;;;;;;;;;;;;;;;
;;;;;;;;;;;;;;;;;;;;;;;;;;;;
;;;;;;;;;;;;;;;;;;;;;;;;;;;;
;;;;;;;;;;;;;;;;;;;;;;;;;;;;
;;;;;;;;;;;;;;;;;;;;;;;;;;;;
;;;;;;;;;;;;;;;;;;;;;;;;;;;;
;;;;;;;;;;;;;;;;;;;;;;;;;;;;
;;;;;;;;;;;;;;;;;;;;;;;;;;;;
;;;;;;;;;;;;;;;;;;;;;;;;;;;;
;;;;;;;;;;;;;;;;;;;;;;;;;;;;
;;;;;;;;;;;;;;;;;;;;;;;;;;;;
;;;;;;;;;;;;;;;;;;;;;;;;;;;;
;;;;;;;;;;;;;;;;;;;;;;;;;;;;
;;;;;;;;;;;;;;;;;;;;;;;;;;;;
;;;;;;;;;;;;;;;;;;;;;;;;;;;;
;;;;;;;;;;;;;;;;;;;;;;;;;;;;
;;;;;;;;;;;;;;;;;;;;;;;;;;;;
;;;;;;;;;;;;;;;;;;;;;;;;;;;;
;;;;;;;;;;;;;;;;;;;;;;;;;;;;
;;;;;;;;;;;;;;;;;;;;;;;;;;;;
;;;;;;;;;;;;;;;;;;;;;;;;;;;;
;;;;;;;;;;;;;;;;;;;;;;;;;;;;
;;;;;;;;;;;;;;;;;;;;;;;;;;;;
;;;;;;;;;;;;;;;;;;;;;;;;;;;;
;;;;;;;;;;;;;;;;;;;;;;;;;;;;
;;;;;;;;;;;;;;;;;;;;;;;;;;;;
;;;;;;;;;;;;;;;;;;;;;;;;;;;;
;;;;;;;;;;;;;;;;;;;;;;;;;;;;
;;;;;;;;;;;;;;;;;;;;;;;;;;;;
;;;;;;;;;;;;;;;;;;;;;;;;;;;;
;;;;;;;;;;;;;;;;;;;;;;;;;;;;
;;;;;;;;;;;;;;;;;;;;;;;;;;;;
;;;;;;;;;;;;;;;;;;;;;;;;;;;;
;;;;;;;;;;;;;;;;;;;;;;;;;;;;
;;;;;;;;;;;;;;;;;;;;;;;;;;;;
;;;;;;;;;;;;;;;;;;;;;;;;;;;;
;;;;;;;;;;;;;;;;;;;;;;;;;;;;
;;;;;;;;;;;;;;;;;;;;;;;;;;;;
;;;;;;;;;;;;;;;;;;;;;;;;;;;;
;;;;;;;;;;;;;;;;;;;;;;;;;;;;
;;;;;;;;;;;;;;;;;;;;;;;;;;;;
;;;;;;;;;;;;;;;;;;;;;;;;;;;;
;;;;;;;;;;;;;;;;;;;;;;;;;;;;
;;;;;;;;;;;;;;;;;;;;;;;;;;;;
;;;;;;;;;;;;;;;;;;;;;;;;;;;;
;;;;;;;;;;;;;;;;;;;;;;;;;;;;
;;;;;;;;;;;;;;;;;;;;;;;;;;;;
;;;;;;;;;;;;;;;;;;;;;;;;;;;;
;;;;;;;;;;;;;;;;;;;;;;;;;;;;
;;;;;;;;;;;;;;;;;;;;;;;;;;;;
;;;;;;;;;;;;;;;;;;;;;;;;;;;;
;;;;;;;;;;;;;;;;;;;;;;;;;;;;
;;;;;;;;;;;;;;;;;;;;;;;;;;;;
;;;;;;;;;;;;;;;;;;;;;;;;;;;;
;;;;;;;;;;;;;;;;;;;;;;;;;;;;
;;;;;;;;;;;;;;;;;;;;;;;;;;;;
;;;;;;;;;;;;;;;;;;;;;;;;;;;;
;;;;;;;;;;;;;;;;;;;;;;;;;;;;
;;;;;;;;;;;;;;;;;;;;;;;;;;;;
;;;;;;;;;;;;;;;;;;;;;;;;;;;;
;;;;;;;;;;;;;;;;;;;;;;;;;;;;
;;;;;;;;;;;;;;;;;;;;;;;;;;;;
;;;;;;;;;;;;;;;;;;;;;;;;;;;;
;;;;;;;;;;;;;;;;;;;;;;;;;;;;
;;;;;;;;;;;;;;;;;;;;;;;;;;;;
;;;;;;;;;;;;;;;;;;;;;;;;;;;;
;;;;;;;;;;;;;;;;;;;;;;;;;;;;
;;;;;;;;;;;;;;;;;;;;;;;;;;;;
;;;;;;;;;;;;;;;;;;;;;;;;;;;;
;;;;;;;;;;;;;;;;;;;;;;;;;;;;
;;;;;;;;;;;;;;;;;;;;;;;;;;;;
;;;;;;;;;;;;;;;;;;;;;;;;;;;;
;;;;;;;;;;;;;;;;;;;;;;;;;;;;
;;;;;;;;;;;;;;;;;;;;;;;;;;;;
;;;;;;;;;;;;;;;;;;;;;;;;;;;;
;;;;;;;;;;;;;;;;;;;;;;;;;;;;
;;;;;;;;;;;;;;;;;;;;;;;;;;;;
;;;;;;;;;;;;;;;;;;;;;;;;;;;;
;;;;;;;;;;;;;;;;;;;;;;;;;;;;
;;;;;;;;;;;;;;;;;;;;;;;;;;;;
;;;;;;;;;;;;;;;;;;;;;;;;;;;;
;;;;;;;;;;;;;;;;;;;;;;;;;;;;
;;;;;;;;;;;;;;;;;;;;;;;;;;;;
;;;;;;;;;;;;;;;;;;;;;;;;;;;;
;;;;;;;;;;;;;;;;;;;;;;;;;;;;
;;;;;;;;;;;;;;;;;;;;;;;;;;;;
;;;;;;;;;;;;;;;;;;;;;;;;;;;;
;;;;;;;;;;;;;;;;;;;;;;;;;;;;
;;;;;;;;;;;;;;;;;;;;;;;;;;;;
;;;;;;;;;;;;;;;;;;;;;;;;;;;;
;;;;;;;;;;;;;;;;;;;;;;;;;;;;
;;;;;;;;;;;;;;;;;;;;;;;;;;;;
;;;;;;;;;;;;;;;;;;;;;;;;;;;;
;;;;;;;;;;;;;;;;;;;;;;;;;;;;
;;;;;;;;;;;;;;;;;;;;;;;;;;;;
;;;;;;;;;;;;;;;;;;;;;;;;;;;;
;;;;;;;;;;;;;;;;;;;;;;;;;;;;
;;;;;;;;;;;;;;;;;;;;;;;;;;;;
;;;;;;;;;;;;;;;;;;;;;;;;;;;;
;;;;;;;;;;;;;;;;;;;;;;;;;;;;
;;;;;;;;;;;;;;;;;;;;;;;;;;;;
;;;;;;;;;;;;;;;;;;;;;;;;;;;;
;;;;;;;;;;;;;;;;;;;;;;;;;;;;
;;;;;;;;;;;;;;;;;;;;;;;;;;;;
;;;;;;;;;;;;;;;;;;;;;;;;;;;;
;;;;;;;;;;;;;;;;;;;;;;;;;;;;
;;;;;;;;;;;;;;;;;;;;;;;;;;;;
;;;;;;;;;;;;;;;;;;;;;;;;;;;;
;;;;;;;;;;;;;;;;;;;;;;;;;;;;
;;;;;;;;;;;;;;;;;;;;;;;;;;;;
;;;;;;;;;;;;;;;;;;;;;;;;;;;;
;;;;;;;;;;;;;;;;;;;;;;;;;;;;
;;;;;;;;;;;;;;;;;;;;;;;;;;;;
;;;;;;;;;;;;;;;;;;;;;;;;;;;;
;;;;;;;;;;;;;;;;;;;;;;;;;;;;
;;;;;;;;;;;;;;;;;;;;;;;;;;;;
;;;;;;;;;;;;;;;;;;;;;;;;;;;;
;;;;;;;;;;;;;;;;;;;;;;;;;;;;
;;;;;;;;;;;;;;;;;;;;;;;;;;;;
;;;;;;;;;;;;;;;;;;;;;;;;;;;;
;;;;;;;;;;;;;;;;;;;;;;;;;;;;
;;;;;;;;;;;;;;;;;;;;;;;;;;;;
;;;;;;;;;;;;;;;;;;;;;;;;;;;;
;;;;;;;;;;;;;;;;;;;;;;;;;;;;
;;;;;;;;;;;;;;;;;;;;;;;;;;;;
;;;;;;;;;;;;;;;;;;;;;;;;;;;;
;;;;;;;;;;;;;;;;;;;;;;;;;;;;
;;;;;;;;;;;;;;;;;;;;;;;;;;;;
;;;;;;;;;;;;;;;;;;;;;;;;;;;;
;;;;;;;;;;;;;;;;;;;;;;;;;;;;
;;;;;;;;;;;;;;;;;;;;;;;;;;;;
;;;;;;;;;;;;;;;;;;;;;;;;;;;;
;;;;;;;;;;;;;;;;;;;;;;;;;;;;
;;;;;;;;;;;;;;;;;;;;;;;;;;;;
;;;;;;;;;;;;;;;;;;;;;;;;;;;;
;;;;;;;;;;;;;;;;;;;;;;;;;;;;
;;;;;;;;;;;;;;;;;;;;;;;;;;;;
;;;;;;;;;;;;;;;;;;;;;;;;;;;;
;;;;;;;;;;;;;;;;;;;;;;;;;;;;
;;;;;;;;;;;;;;;;;;;;;;;;;;;;
;;;;;;;;;;;;;;;;;;;;;;;;;;;;
;;;;;;;;;;;;;;;;;;;;;;;;;;;;
;;;;;;;;;;;;;;;;;;;;;;;;;;;;
;;;;;;;;;;;;;;;;;;;;;;;;;;;;
;;;;;;;;;;;;;;;;;;;;;;;;;;;;
;;;;;;;;;;;;;;;;;;;;;;;;;;;;
;;;;;;;;;;;;;;;;;;;;;;;;;;;;
;;;;;;;;;;;;;;;;;;;;;;;;;;;;
;;;;;;;;;;;;;;;;;;;;;;;;;;;;
;;;;;;;;;;;;;;;;;;;;;;;;;;;;
;;;;;;;;;;;;;;;;;;;;;;;;;;;;
;;;;;;;;;;;;;;;;;;;;;;;;;;;;
;;;;;;;;;;;;;;;;;;;;;;;;;;;;
;;;;;;;;;;;;;;;;;;;;;;;;;;;;
;;;;;;;;;;;;;;;;;;;;;;;;;;;;
;;;;;;;;;;;;;;;;;;;;;;;;;;;;
;;;;;;;;;;;;;;;;;;;;;;;;;;;;
;;;;;;;;;;;;;;;;;;;;;;;;;;;;
;;;;;;;;;;;;;;;;;;;;;;;;;;;;
;;;;;;;;;;;;;;;;;;;;;;;;;;;;
;;;;;;;;;;;;;;;;;;;;;;;;;;;;
;;;;;;;;;;;;;;;;;;;;;;;;;;;;
;;;;;;;;;;;;;;;;;;;;;;;;;;;;
;;;;;;;;;;;;;;;;;;;;;;;;;;;;
;;;;;;;;;;;;;;;;;;;;;;;;;;;;
;;;;;;;;;;;;;;;;;;;;;;;;;;;;
;;;;;;;;;;;;;;;;;;;;;;;;;;;;
;;;;;;;;;;;;;;;;;;;;;;;;;;;;
;;;;;;;;;;;;;;;;;;;;;;;;;;;;
;;;;;;;;;;;;;;;;;;;;;;;;;;;;
;;;;;;;;;;;;;;;;;;;;;;;;;;;;
;;;;;;;;;;;;;;;;;;;;;;;;;;;;
;;;;;;;;;;;;;;;;;;;;;;;;;;;;
;;;;;;;;;;;;;;;;;;;;;;;;;;;;
;;;;;;;;;;;;;;;;;;;;;;;;;;;;
;;;;;;;;;;;;;;;;;;;;;;;;;;;;
;;;;;;;;;;;;;;;;;;;;;;;;;;;;
;;;;;;;;;;;;;;;;;;;;;;;;;;;;
;;;;;;;;;;;;;;;;;;;;;;;;;;;;
;;;;;;;;;;;;;;;;;;;;;;;;;;;;
;;;;;;;;;;;;;;;;;;;;;;;;;;;;
;;;;;;;;;;;;;;;;;;;;;;;;;;;;
;;;;;;;;;;;;;;;;;;;;;;;;;;;;
;;;;;;;;;;;;;;;;;;;;;;;;;;;;
;;;;;;;;;;;;;;;;;;;;;;;;;;;;
;;;;;;;;;;;;;;;;;;;;;;;;;;;;
;;;;;;;;;;;;;;;;;;;;;;;;;;;;
;;;;;;;;;;;;;;;;;;;;;;;;;;;;
;;;;;;;;;;;;;;;;;;;;;;;;;;;;
;;;;;;;;;;;;;;;;;;;;;;;;;;;;
;;;;;;;;;;;;;;;;;;;;;;;;;;;;
;;;;;;;;;;;;;;;;;;;;;;;;;;;;
;;;;;;;;;;;;;;;;;;;;;;;;;;;;
;;;;;;;;;;;;;;;;;;;;;;;;;;;;
;;;;;;;;;;;;;;;;;;;;;;;;;;;;
;;;;;;;;;;;;;;;;;;;;;;;;;;;;
;;;;;;;;;;;;;;;;;;;;;;;;;;;;
;;;;;;;;;;;;;;;;;;;;;;;;;;;;
;;;;;;;;;;;;;;;;;;;;;;;;;;;;
;;;;;;;;;;;;;;;;;;;;;;;;;;;;
;;;;;;;;;;;;;;;;;;;;;;;;;;;;
;;;;;;;;;;;;;;;;;;;;;;;;;;;;
;;;;;;;;;;;;;;;;;;;;;;;;;;;;
;;;;;;;;;;;;;;;;;;;;;;;;;;;;
;;;;;;;;;;;;;;;;;;;;;;;;;;;;
;;;;;;;;;;;;;;;;;;;;;;;;;;;;
;;;;;;;;;;;;;;;;;;;;;;;;;;;;
;;;;;;;;;;;;;;;;;;;;;;;;;;;;
;;;;;;;;;;;;;;;;;;;;;;;;;;;;
;;;;;;;;;;;;;;;;;;;;;;;;;;;;
;;;;;;;;;;;;;;;;;;;;;;;;;;;;
;;;;;;;;;;;;;;;;;;;;;;;;;;;;
;;;;;;;;;;;;;;;;;;;;;;;;;;;;
;;;;;;;;;;;;;;;;;;;;;;;;;;;;
;;;;;;;;;;;;;;;;;;;;;;;;;;;;
;;;;;;;;;;;;;;;;;;;;;;;;;;;;
;;;;;;;;;;;;;;;;;;;;;;;;;;;;
;;;;;;;;;;;;;;;;;;;;;;;;;;;;
;;;;;;;;;;;;;;;;;;;;;;;;;;;;
;;;;;;;;;;;;;;;;;;;;;;;;;;;;
;;;;;;;;;;;;;;;;;;;;;;;;;;;;
;;;;;;;;;;;;;;;;;;;;;;;;;;;;
;;;;;;;;;;;;;;;;;;;;;;;;;;;;
;;;;;;;;;;;;;;;;;;;;;;;;;;;;
;;;;;;;;;;;;;;;;;;;;;;;;;;;;
;;;;;;;;;;;;;;;;;;;;;;;;;;;;
;;;;;;;;;;;;;;;;;;;;;;;;;;;;
;;;;;;;;;;;;;;;;;;;;;;;;;;;;
;;;;;;;;;;;;;;;;;;;;;;;;;;;;
;;;;;;;;;;;;;;;;;;;;;;;;;;;;
;;;;;;;;;;;;;;;;;;;;;;;;;;;;
;;;;;;;;;;;;;;;;;;;;;;;;;;;;
;;;;;;;;;;;;;;;;;;;;;;;;;;;;
;;;;;;;;;;;;;;;;;;;;;;;;;;;;
;;;;;;;;;;;;;;;;;;;;;;;;;;;;
;;;;;;;;;;;;;;;;;;;;;;;;;;;;
;;;;;;;;;;;;;;;;;;;;;;;;;;;;
;;;;;;;;;;;;;;;;;;;;;;;;;;;;
;;;;;;;;;;;;;;;;;;;;;;;;;;;;
;;;;;;;;;;;;;;;;;;;;;;;;;;;;
;;;;;;;;;;;;;;;;;;;;;;;;;;;;
;;;;;;;;;;;;;;;;;;;;;;;;;;;;
;;;;;;;;;;;;;;;;;;;;;;;;;;;;
